paper_id,title,authors,venue,year,pdf_path,pdf_url,topics
2605.19782v1,Prior Knowledge or Search A Study of LLM Agents in,,,2026,C:\Users\livex\Desktop\Uni\PDF_agent\arxiv_cs_ai_pdfs\2605.19782v1_Prior Knowledge or Search A Study of LLM Agents in.pdf,https://arxiv.org/pdf/2605.19782v1,cs.AI
2605.19794v1,AffectAI-Capture A Reproducible Multimodal Protoco,,,2026,C:\Users\livex\Desktop\Uni\PDF_agent\arxiv_cs_ai_pdfs\2605.19794v1_AffectAI-Capture A Reproducible Multimodal Protoco.pdf,https://arxiv.org/pdf/2605.19794v1,cs.AI
2605.19799v1,Synergistic Foundation Models for Semi-Supervised ,,,2026,C:\Users\livex\Desktop\Uni\PDF_agent\arxiv_cs_ai_pdfs\2605.19799v1_Synergistic Foundation Models for Semi-Supervised .pdf,https://arxiv.org/pdf/2605.19799v1,cs.AI
2605.19804v1,Stitched Value Model for Diffusion Alignment,,,2026,C:\Users\livex\Desktop\Uni\PDF_agent\arxiv_cs_ai_pdfs\2605.19804v1_Stitched Value Model for Diffusion Alignment.pdf,https://arxiv.org/pdf/2605.19804v1,cs.AI
2605.19805v1,Latent Laplace Diffusion for Irregular Multivariat,,,2026,C:\Users\livex\Desktop\Uni\PDF_agent\arxiv_cs_ai_pdfs\2605.19805v1_Latent Laplace Diffusion for Irregular Multivariat.pdf,https://arxiv.org/pdf/2605.19805v1,cs.AI
2605.19806v1,Chunking German Legal Code,,,2026,C:\Users\livex\Desktop\Uni\PDF_agent\arxiv_cs_ai_pdfs\2605.19806v1_Chunking German Legal Code.pdf,https://arxiv.org/pdf/2605.19806v1,cs.AI
2605.19812v1,FLUXtrapolation A benchmark on extrapolating ecosy,,,2026,C:\Users\livex\Desktop\Uni\PDF_agent\arxiv_cs_ai_pdfs\2605.19812v1_FLUXtrapolation A benchmark on extrapolating ecosy.pdf,https://arxiv.org/pdf/2605.19812v1,cs.AI
2605.19815v1,LP-Eval Rubric and Dataset for Measuring the Quali,,,2026,C:\Users\livex\Desktop\Uni\PDF_agent\arxiv_cs_ai_pdfs\2605.19815v1_LP-Eval Rubric and Dataset for Measuring the Quali.pdf,https://arxiv.org/pdf/2605.19815v1,cs.AI
2605.19822v1,ST-TGExplainer Disentangling Stability and Transit,,,2026,C:\Users\livex\Desktop\Uni\PDF_agent\arxiv_cs_ai_pdfs\2605.19822v1_ST-TGExplainer Disentangling Stability and Transit.pdf,https://arxiv.org/pdf/2605.19822v1,cs.AI
2605.19823v1,Smooth Piecewise Cutting for Neural Operator to Ha,,,2026,C:\Users\livex\Desktop\Uni\PDF_agent\arxiv_cs_ai_pdfs\2605.19823v1_Smooth Piecewise Cutting for Neural Operator to Ha.pdf,https://arxiv.org/pdf/2605.19823v1,cs.AI
2605.19824v1,From Prompts to Pavement Through Time Temporal Gro,,,2026,C:\Users\livex\Desktop\Uni\PDF_agent\arxiv_cs_ai_pdfs\2605.19824v1_From Prompts to Pavement Through Time Temporal Gro.pdf,https://arxiv.org/pdf/2605.19824v1,cs.AI
2605.19826v1,Explainable Wastewater Digital Twins Adaptive Cont,,,2026,C:\Users\livex\Desktop\Uni\PDF_agent\arxiv_cs_ai_pdfs\2605.19826v1_Explainable Wastewater Digital Twins Adaptive Cont.pdf,https://arxiv.org/pdf/2605.19826v1,cs.AI
2605.19833v1,Mega-ASR Towards In-the-wild2 Speech Recognition v,,,2026,C:\Users\livex\Desktop\Uni\PDF_agent\arxiv_cs_ai_pdfs\2605.19833v1_Mega-ASR Towards In-the-wild2 Speech Recognition v.pdf,https://arxiv.org/pdf/2605.19833v1,cs.AI
2605.19834v1,A Closed-loop State-centric Multi-agent Framework ,,,2026,C:\Users\livex\Desktop\Uni\PDF_agent\arxiv_cs_ai_pdfs\2605.19834v1_A Closed-loop State-centric Multi-agent Framework .pdf,https://arxiv.org/pdf/2605.19834v1,cs.AI
2605.19837v1,CADENet Condition-Adaptive Asynchronous Dual-Strea,,,2026,C:\Users\livex\Desktop\Uni\PDF_agent\arxiv_cs_ai_pdfs\2605.19837v1_CADENet Condition-Adaptive Asynchronous Dual-Strea.pdf,https://arxiv.org/pdf/2605.19837v1,cs.AI
2605.19846v2,FineBench Benchmarking and Enhancing Vision-Langua,,,2026,C:\Users\livex\Desktop\Uni\PDF_agent\arxiv_cs_ai_pdfs\2605.19846v2_FineBench Benchmarking and Enhancing Vision-Langua.pdf,https://arxiv.org/pdf/2605.19846v2,cs.AI
2605.19855v1,A Framework for Evaluating Zero-Shot Image Generat,,,2026,C:\Users\livex\Desktop\Uni\PDF_agent\arxiv_cs_ai_pdfs\2605.19855v1_A Framework for Evaluating Zero-Shot Image Generat.pdf,https://arxiv.org/pdf/2605.19855v1,cs.AI
2605.19856v1,StableGrad Backward Scale Control without Batch No,,,2026,C:\Users\livex\Desktop\Uni\PDF_agent\arxiv_cs_ai_pdfs\2605.19856v1_StableGrad Backward Scale Control without Batch No.pdf,https://arxiv.org/pdf/2605.19856v1,cs.AI
2605.19869v1,Passive Construction Site Safety Monitoring via Pe,,,2026,C:\Users\livex\Desktop\Uni\PDF_agent\arxiv_cs_ai_pdfs\2605.19869v1_Passive Construction Site Safety Monitoring via Pe.pdf,https://arxiv.org/pdf/2605.19869v1,cs.AI
2605.19892v1,Deep Tech to Space Space Data Centers and AI Revol,,,2026,C:\Users\livex\Desktop\Uni\PDF_agent\arxiv_cs_ai_pdfs\2605.19892v1_Deep Tech to Space Space Data Centers and AI Revol.pdf,https://arxiv.org/pdf/2605.19892v1,cs.AI
2605.19895v1,Streamlined Constraint Reasoning via CNN Pattern R,,,2026,C:\Users\livex\Desktop\Uni\PDF_agent\arxiv_cs_ai_pdfs\2605.19895v1_Streamlined Constraint Reasoning via CNN Pattern R.pdf,https://arxiv.org/pdf/2605.19895v1,cs.AI
2605.19916v1,Fast and Featureless Node Representation Learning ,,,2026,C:\Users\livex\Desktop\Uni\PDF_agent\arxiv_cs_ai_pdfs\2605.19916v1_Fast and Featureless Node Representation Learning .pdf,https://arxiv.org/pdf/2605.19916v1,cs.AI
2605.19928v1,Real-Time Parallel Counterfactual Regret Minimizat,,,2026,C:\Users\livex\Desktop\Uni\PDF_agent\arxiv_cs_ai_pdfs\2605.19928v1_Real-Time Parallel Counterfactual Regret Minimizat.pdf,https://arxiv.org/pdf/2605.19928v1,cs.AI
2605.19929v1,Breaking Modality Heterogeneity in Low-Bit Quantiz,,,2026,C:\Users\livex\Desktop\Uni\PDF_agent\arxiv_cs_ai_pdfs\2605.19929v1_Breaking Modality Heterogeneity in Low-Bit Quantiz.pdf,https://arxiv.org/pdf/2605.19929v1,cs.AI
2605.19931v1,StruMPL Multi-task Dense Regression under Disjoint,,,2026,C:\Users\livex\Desktop\Uni\PDF_agent\arxiv_cs_ai_pdfs\2605.19931v1_StruMPL Multi-task Dense Regression under Disjoint.pdf,https://arxiv.org/pdf/2605.19931v1,cs.AI
2605.19932v1,PEEK Context Map as an Orientation Cache for Long-,,,2026,C:\Users\livex\Desktop\Uni\PDF_agent\arxiv_cs_ai_pdfs\2605.19932v1_PEEK Context Map as an Orientation Cache for Long-.pdf,https://arxiv.org/pdf/2605.19932v1,cs.AI
2605.19940v1,Robotics-Inspired Guardrails for Foundation Models,,,2026,C:\Users\livex\Desktop\Uni\PDF_agent\arxiv_cs_ai_pdfs\2605.19940v1_Robotics-Inspired Guardrails for Foundation Models.pdf,https://arxiv.org/pdf/2605.19940v1,cs.AI
2605.19943v1,Probabilistic Tiny Recursive Model,,,2026,C:\Users\livex\Desktop\Uni\PDF_agent\arxiv_cs_ai_pdfs\2605.19943v1_Probabilistic Tiny Recursive Model.pdf,https://arxiv.org/pdf/2605.19943v1,cs.AI
2605.19944v1,A Measure-Theoretic Analysis of Reasoning Structur,,,2026,C:\Users\livex\Desktop\Uni\PDF_agent\arxiv_cs_ai_pdfs\2605.19944v1_A Measure-Theoretic Analysis of Reasoning Structur.pdf,https://arxiv.org/pdf/2605.19944v1,cs.AI
2605.19945v1,GEM GPU-Variability-Aware Expert to GPU Mapping fo,,,2026,C:\Users\livex\Desktop\Uni\PDF_agent\arxiv_cs_ai_pdfs\2605.19945v1_GEM GPU-Variability-Aware Expert to GPU Mapping fo.pdf,https://arxiv.org/pdf/2605.19945v1,cs.AI
2605.19957v1,World-Ego Modeling for Long-Horizon Evolution in H,,,2026,C:\Users\livex\Desktop\Uni\PDF_agent\arxiv_cs_ai_pdfs\2605.19957v1_World-Ego Modeling for Long-Horizon Evolution in H.pdf,https://arxiv.org/pdf/2605.19957v1,cs.AI
2605.19966v1,Detecting Fluent Optimization-Based Adversarial Pr,,,2026,C:\Users\livex\Desktop\Uni\PDF_agent\arxiv_cs_ai_pdfs\2605.19966v1_Detecting Fluent Optimization-Based Adversarial Pr.pdf,https://arxiv.org/pdf/2605.19966v1,cs.AI
2605.19972v1,Block-Sphere Vector Quantization,,,2026,C:\Users\livex\Desktop\Uni\PDF_agent\arxiv_cs_ai_pdfs\2605.19972v1_Block-Sphere Vector Quantization.pdf,https://arxiv.org/pdf/2605.19972v1,cs.AI
2605.19975v1,Learning with Foresight Enhancing Neural Routing P,,,2026,C:\Users\livex\Desktop\Uni\PDF_agent\arxiv_cs_ai_pdfs\2605.19975v1_Learning with Foresight Enhancing Neural Routing P.pdf,https://arxiv.org/pdf/2605.19975v1,cs.AI
2605.19988v1,A Case for Agentic Tuning From Documentation to Ac,,,2026,C:\Users\livex\Desktop\Uni\PDF_agent\arxiv_cs_ai_pdfs\2605.19988v1_A Case for Agentic Tuning From Documentation to Ac.pdf,https://arxiv.org/pdf/2605.19988v1,cs.AI
2605.19999v1,LLM Benchmark Datasets Should Be Contamination-Res,,,2026,C:\Users\livex\Desktop\Uni\PDF_agent\arxiv_cs_ai_pdfs\2605.19999v1_LLM Benchmark Datasets Should Be Contamination-Res.pdf,https://arxiv.org/pdf/2605.19999v1,cs.AI
2605.20006v1,GeoX Mastering Geospatial Reasoning Through Self-P,,,2026,C:\Users\livex\Desktop\Uni\PDF_agent\arxiv_cs_ai_pdfs\2605.20006v1_GeoX Mastering Geospatial Reasoning Through Self-P.pdf,https://arxiv.org/pdf/2605.20006v1,cs.AI
2605.20009v1,Training Neural Networks with Optimal Double-Bayes,,,2026,C:\Users\livex\Desktop\Uni\PDF_agent\arxiv_cs_ai_pdfs\2605.20009v1_Training Neural Networks with Optimal Double-Bayes.pdf,https://arxiv.org/pdf/2605.20009v1,cs.AI
2605.20023v1,When Skills Dont Help A Negative Result on Procedu,,,2026,C:\Users\livex\Desktop\Uni\PDF_agent\arxiv_cs_ai_pdfs\2605.20023v1_When Skills Dont Help A Negative Result on Procedu.pdf,https://arxiv.org/pdf/2605.20023v1,cs.AI
2605.20025v1,AutoResearchClaw Self-Reinforcing Autonomous Resea,,,2026,C:\Users\livex\Desktop\Uni\PDF_agent\arxiv_cs_ai_pdfs\2605.20025v1_AutoResearchClaw Self-Reinforcing Autonomous Resea.pdf,https://arxiv.org/pdf/2605.20025v1,cs.AI
2605.20037v1,When Critics Disagree Adaptive Reward Poisoning At,,,2026,C:\Users\livex\Desktop\Uni\PDF_agent\arxiv_cs_ai_pdfs\2605.20037v1_When Critics Disagree Adaptive Reward Poisoning At.pdf,https://arxiv.org/pdf/2605.20037v1,cs.AI
2605.20049v1,Does Code Cleanliness Affect Coding Agents A Contr,,,2026,C:\Users\livex\Desktop\Uni\PDF_agent\arxiv_cs_ai_pdfs\2605.20049v1_Does Code Cleanliness Affect Coding Agents A Contr.pdf,https://arxiv.org/pdf/2605.20049v1,cs.AI
2605.20052v2,PromptRad Knowledge-Enhanced Multi-Label Prompt-Tu,,,2026,C:\Users\livex\Desktop\Uni\PDF_agent\arxiv_cs_ai_pdfs\2605.20052v2_PromptRad Knowledge-Enhanced Multi-Label Prompt-Tu.pdf,https://arxiv.org/pdf/2605.20052v2,cs.AI
2605.20055v1,Towards LLM-Assisted Architecture Recovery for Rea,,,2026,C:\Users\livex\Desktop\Uni\PDF_agent\arxiv_cs_ai_pdfs\2605.20055v1_Towards LLM-Assisted Architecture Recovery for Rea.pdf,https://arxiv.org/pdf/2605.20055v1,cs.AI
2605.20072v1,Probing Embodied LLMs When Higher Observation Fide,,,2026,C:\Users\livex\Desktop\Uni\PDF_agent\arxiv_cs_ai_pdfs\2605.20072v1_Probing Embodied LLMs When Higher Observation Fide.pdf,https://arxiv.org/pdf/2605.20072v1,cs.AI
2605.20075v1,CopT Contrastive On-Policy Thinking with Continuou,,,2026,C:\Users\livex\Desktop\Uni\PDF_agent\arxiv_cs_ai_pdfs\2605.20075v1_CopT Contrastive On-Policy Thinking with Continuou.pdf,https://arxiv.org/pdf/2605.20075v1,cs.AI
2605.20079v1,Probability-Conserving Flow Guidance,,,2026,C:\Users\livex\Desktop\Uni\PDF_agent\arxiv_cs_ai_pdfs\2605.20079v1_Probability-Conserving Flow Guidance.pdf,https://arxiv.org/pdf/2605.20079v1,cs.AI
2605.20082v1,VL-DPO Vision-Language-Guided Finetuning for Prefe,,,2026,C:\Users\livex\Desktop\Uni\PDF_agent\arxiv_cs_ai_pdfs\2605.20082v1_VL-DPO Vision-Language-Guided Finetuning for Prefe.pdf,https://arxiv.org/pdf/2605.20082v1,cs.AI
2605.20084v1,BalanceRAG Joint Risk Calibration for Cascaded Ret,,,2026,C:\Users\livex\Desktop\Uni\PDF_agent\arxiv_cs_ai_pdfs\2605.20084v1_BalanceRAG Joint Risk Calibration for Cascaded Ret.pdf,https://arxiv.org/pdf/2605.20084v1,cs.AI
2605.20086v1,What Do Evolutionary Coding Agents Evolve,,,2026,C:\Users\livex\Desktop\Uni\PDF_agent\arxiv_cs_ai_pdfs\2605.20086v1_What Do Evolutionary Coding Agents Evolve.pdf,https://arxiv.org/pdf/2605.20086v1,cs.AI
2605.20087v1,ThoughtTrace Understanding User Thoughts in Real-W,,,2026,C:\Users\livex\Desktop\Uni\PDF_agent\arxiv_cs_ai_pdfs\2605.20087v1_ThoughtTrace Understanding User Thoughts in Real-W.pdf,https://arxiv.org/pdf/2605.20087v1,cs.AI
2605.20088v1,INSHAPE Instance-Level Shapelets for Interpretable,,,2026,C:\Users\livex\Desktop\Uni\PDF_agent\arxiv_cs_ai_pdfs\2605.20088v1_INSHAPE Instance-Level Shapelets for Interpretable.pdf,https://arxiv.org/pdf/2605.20088v1,cs.AI
2605.20098v1,Neurosymbolic Learning for Inference-Time Argument,,,2026,C:\Users\livex\Desktop\Uni\PDF_agent\arxiv_cs_ai_pdfs\2605.20098v1_Neurosymbolic Learning for Inference-Time Argument.pdf,https://arxiv.org/pdf/2605.20098v1,cs.AI
2605.20104v1,Draft Less Retrieve More Hybrid Tree Construction ,,,2026,C:\Users\livex\Desktop\Uni\PDF_agent\arxiv_cs_ai_pdfs\2605.20104v1_Draft Less Retrieve More Hybrid Tree Construction .pdf,https://arxiv.org/pdf/2605.20104v1,cs.AI
2605.20107v1,Beyond Isotropy in JEPAs Hamiltonian Geometry and ,,,2026,C:\Users\livex\Desktop\Uni\PDF_agent\arxiv_cs_ai_pdfs\2605.20107v1_Beyond Isotropy in JEPAs Hamiltonian Geometry and .pdf,https://arxiv.org/pdf/2605.20107v1,cs.AI
2605.20108v1,k-Inductive Neural Barrier Certificates for Unknow,,,2026,C:\Users\livex\Desktop\Uni\PDF_agent\arxiv_cs_ai_pdfs\2605.20108v1_k-Inductive Neural Barrier Certificates for Unknow.pdf,https://arxiv.org/pdf/2605.20108v1,cs.AI
2605.20119v1,Toto 20 Time Series Forecasting Enters the Scaling,,,2026,C:\Users\livex\Desktop\Uni\PDF_agent\arxiv_cs_ai_pdfs\2605.20119v1_Toto 20 Time Series Forecasting Enters the Scaling.pdf,https://arxiv.org/pdf/2605.20119v1,cs.AI
2605.20120v1,Using Aristotle API for AI-Assisted Theorem Provin,,,2026,C:\Users\livex\Desktop\Uni\PDF_agent\arxiv_cs_ai_pdfs\2605.20120v1_Using Aristotle API for AI-Assisted Theorem Provin.pdf,https://arxiv.org/pdf/2605.20120v1,cs.AI
2605.20127v1,Beyond Prediction Accuracy Target-Space Recovery P,,,2026,C:\Users\livex\Desktop\Uni\PDF_agent\arxiv_cs_ai_pdfs\2605.20127v1_Beyond Prediction Accuracy Target-Space Recovery P.pdf,https://arxiv.org/pdf/2605.20127v1,cs.AI
2605.20149v1,Less Back-and-Forth A Comparative Study of Structu,,,2026,C:\Users\livex\Desktop\Uni\PDF_agent\arxiv_cs_ai_pdfs\2605.20149v1_Less Back-and-Forth A Comparative Study of Structu.pdf,https://arxiv.org/pdf/2605.20149v1,cs.AI
2605.20158v1,Rethinking Visual Attribution for Chest X-ray Reas,,,2026,C:\Users\livex\Desktop\Uni\PDF_agent\arxiv_cs_ai_pdfs\2605.20158v1_Rethinking Visual Attribution for Chest X-ray Reas.pdf,https://arxiv.org/pdf/2605.20158v1,cs.AI
2605.20164v1,Not Every Rubric Teaches Equally Policy-Aware Rubr,,,2026,C:\Users\livex\Desktop\Uni\PDF_agent\arxiv_cs_ai_pdfs\2605.20164v1_Not Every Rubric Teaches Equally Policy-Aware Rubr.pdf,https://arxiv.org/pdf/2605.20164v1,cs.AI
2605.20167v1,HaorFloodAlert Deseasonalized ML Ensemble for 72-H,,,2026,C:\Users\livex\Desktop\Uni\PDF_agent\arxiv_cs_ai_pdfs\2605.20167v1_HaorFloodAlert Deseasonalized ML Ensemble for 72-H.pdf,https://arxiv.org/pdf/2605.20167v1,cs.AI
2605.20172v1,Long-term Power Grid Planning via Answer Set Progr,,,2026,C:\Users\livex\Desktop\Uni\PDF_agent\arxiv_cs_ai_pdfs\2605.20172v1_Long-term Power Grid Planning via Answer Set Progr.pdf,https://arxiv.org/pdf/2605.20172v1,cs.AI
2605.20173v1,A Methodology for Selecting and Composing Runtime ,,,2026,C:\Users\livex\Desktop\Uni\PDF_agent\arxiv_cs_ai_pdfs\2605.20173v1_A Methodology for Selecting and Composing Runtime .pdf,https://arxiv.org/pdf/2605.20173v1,cs.AI
2605.20182v1,Atoms of Thought Universal EEG Representation Lear,,,2026,C:\Users\livex\Desktop\Uni\PDF_agent\arxiv_cs_ai_pdfs\2605.20182v1_Atoms of Thought Universal EEG Representation Lear.pdf,https://arxiv.org/pdf/2605.20182v1,cs.AI
2605.20308v1,SDM A Powerful Tool for Evaluating Model Robustnes,,,2026,C:\Users\livex\Desktop\Uni\PDF_agent\arxiv_cs_ai_pdfs\2605.20308v1_SDM A Powerful Tool for Evaluating Model Robustnes.pdf,https://arxiv.org/pdf/2605.20308v1,cs.AI
2605.20309v1,Tiny-Engram Trigger-Indexed Concept Tables for Gen,,,2026,C:\Users\livex\Desktop\Uni\PDF_agent\arxiv_cs_ai_pdfs\2605.20309v1_Tiny-Engram Trigger-Indexed Concept Tables for Gen.pdf,https://arxiv.org/pdf/2605.20309v1,cs.AI
2605.20314v1,Less Data Faster Training repeating smaller datase,,,2026,C:\Users\livex\Desktop\Uni\PDF_agent\arxiv_cs_ai_pdfs\2605.20314v1_Less Data Faster Training repeating smaller datase.pdf,https://arxiv.org/pdf/2605.20314v1,cs.AI
2605.20316v1,FullFlow Upgrading Text-to-Image Flow Matching Mod,,,2026,C:\Users\livex\Desktop\Uni\PDF_agent\arxiv_cs_ai_pdfs\2605.20316v1_FullFlow Upgrading Text-to-Image Flow Matching Mod.pdf,https://arxiv.org/pdf/2605.20316v1,cs.AI
2605.20326v1,Representability-Aware Neural Networks for Reduced,,,2026,C:\Users\livex\Desktop\Uni\PDF_agent\arxiv_cs_ai_pdfs\2605.20326v1_Representability-Aware Neural Networks for Reduced.pdf,https://arxiv.org/pdf/2605.20326v1,cs.AI
2605.20328v1,Targeting Clause Type Distributions a Picklock for,,,2026,C:\Users\livex\Desktop\Uni\PDF_agent\arxiv_cs_ai_pdfs\2605.20328v1_Targeting Clause Type Distributions a Picklock for.pdf,https://arxiv.org/pdf/2605.20328v1,cs.AI
2605.20341v1,Causal Unlearning in Collaborative Optimization Ex,,,2026,C:\Users\livex\Desktop\Uni\PDF_agent\arxiv_cs_ai_pdfs\2605.20341v1_Causal Unlearning in Collaborative Optimization Ex.pdf,https://arxiv.org/pdf/2605.20341v1,cs.AI
2605.20356v1,Synchronization and Turn-Taking in Full-Duplex Spe,,,2026,C:\Users\livex\Desktop\Uni\PDF_agent\arxiv_cs_ai_pdfs\2605.20356v1_Synchronization and Turn-Taking in Full-Duplex Spe.pdf,https://arxiv.org/pdf/2605.20356v1,cs.AI
2605.20357v1,Consistently Informative Soft-Label Temperature fo,,,2026,C:\Users\livex\Desktop\Uni\PDF_agent\arxiv_cs_ai_pdfs\2605.20357v1_Consistently Informative Soft-Label Temperature fo.pdf,https://arxiv.org/pdf/2605.20357v1,cs.AI
2605.20368v1,Security Document Classification with a Fine-Tuned,,,2026,C:\Users\livex\Desktop\Uni\PDF_agent\arxiv_cs_ai_pdfs\2605.20368v1_Security Document Classification with a Fine-Tuned.pdf,https://arxiv.org/pdf/2605.20368v1,cs.AI
2605.20369v1,DEL Digit Entropy Loss for Numerical Learning of L,,,2026,C:\Users\livex\Desktop\Uni\PDF_agent\arxiv_cs_ai_pdfs\2605.20369v1_DEL Digit Entropy Loss for Numerical Learning of L.pdf,https://arxiv.org/pdf/2605.20369v1,cs.AI
2605.20372v1,Latent Space Guided Scenario Sampling for Multimod,,,2026,C:\Users\livex\Desktop\Uni\PDF_agent\arxiv_cs_ai_pdfs\2605.20372v1_Latent Space Guided Scenario Sampling for Multimod.pdf,https://arxiv.org/pdf/2605.20372v1,cs.AI
2605.20373v1,SUGAR A Scalable Human-Video-Driven Generalizable ,,,2026,C:\Users\livex\Desktop\Uni\PDF_agent\arxiv_cs_ai_pdfs\2605.20373v1_SUGAR A Scalable Human-Video-Driven Generalizable .pdf,https://arxiv.org/pdf/2605.20373v1,cs.AI
2605.20382v1,Do as I Say Not as I Do Instruction-Induction Conf,,,2026,C:\Users\livex\Desktop\Uni\PDF_agent\arxiv_cs_ai_pdfs\2605.20382v1_Do as I Say Not as I Do Instruction-Induction Conf.pdf,https://arxiv.org/pdf/2605.20382v1,cs.AI
2605.20385v1,ConceptSeg-R1 Segment Any Concept via Meta-Reinfor,,,2026,C:\Users\livex\Desktop\Uni\PDF_agent\arxiv_cs_ai_pdfs\2605.20385v1_ConceptSeg-R1 Segment Any Concept via Meta-Reinfor.pdf,https://arxiv.org/pdf/2605.20385v1,cs.AI
2605.20389v1,Nonlocal operator learning for fMRI encoding and d,,,2026,C:\Users\livex\Desktop\Uni\PDF_agent\arxiv_cs_ai_pdfs\2605.20389v1_Nonlocal operator learning for fMRI encoding and d.pdf,https://arxiv.org/pdf/2605.20389v1,cs.AI
2605.20390v1,STELLAR Scaling 3D Perception Large Models for Aut,,,2026,C:\Users\livex\Desktop\Uni\PDF_agent\arxiv_cs_ai_pdfs\2605.20390v1_STELLAR Scaling 3D Perception Large Models for Aut.pdf,https://arxiv.org/pdf/2605.20390v1,cs.AI
2605.20402v1,Decomposing MXFP4 quantization error for LLM reinf,,,2026,C:\Users\livex\Desktop\Uni\PDF_agent\arxiv_cs_ai_pdfs\2605.20402v1_Decomposing MXFP4 quantization error for LLM reinf.pdf,https://arxiv.org/pdf/2605.20402v1,cs.AI
2605.20405v1,Disentangling Sampling from Training Budget in Cla,,,2026,C:\Users\livex\Desktop\Uni\PDF_agent\arxiv_cs_ai_pdfs\2605.20405v1_Disentangling Sampling from Training Budget in Cla.pdf,https://arxiv.org/pdf/2605.20405v1,cs.AI
2605.20410v1,Mechanics of Bias and Reasoning Interpreting the I,,,2026,C:\Users\livex\Desktop\Uni\PDF_agent\arxiv_cs_ai_pdfs\2605.20410v1_Mechanics of Bias and Reasoning Interpreting the I.pdf,https://arxiv.org/pdf/2605.20410v1,cs.AI
2605.20423v1,OSCToM RL-Guided Adversarial Generation for High-O,,,2026,C:\Users\livex\Desktop\Uni\PDF_agent\arxiv_cs_ai_pdfs\2605.20423v1_OSCToM RL-Guided Adversarial Generation for High-O.pdf,https://arxiv.org/pdf/2605.20423v1,cs.AI
2605.20425v1,AgentCo-op Retrieval-Based Synthesis of Interopera,,,2026,C:\Users\livex\Desktop\Uni\PDF_agent\arxiv_cs_ai_pdfs\2605.20425v1_AgentCo-op Retrieval-Based Synthesis of Interopera.pdf,https://arxiv.org/pdf/2605.20425v1,cs.AI
2605.20440v1,Group-Algebraic Tensors Provably-optimal Equivaria,,,2026,C:\Users\livex\Desktop\Uni\PDF_agent\arxiv_cs_ai_pdfs\2605.20440v1_Group-Algebraic Tensors Provably-optimal Equivaria.pdf,https://arxiv.org/pdf/2605.20440v1,cs.AI
2605.20441v1,Weight Decay Regimes in Grokking Transformers Chea,,,2026,C:\Users\livex\Desktop\Uni\PDF_agent\arxiv_cs_ai_pdfs\2605.20441v1_Weight Decay Regimes in Grokking Transformers Chea.pdf,https://arxiv.org/pdf/2605.20441v1,cs.AI
2605.20442v1,Modeling Emotional Dynamics in Agent-to-Agent Inte,,,2026,C:\Users\livex\Desktop\Uni\PDF_agent\arxiv_cs_ai_pdfs\2605.20442v1_Modeling Emotional Dynamics in Agent-to-Agent Inte.pdf,https://arxiv.org/pdf/2605.20442v1,cs.AI
2605.20445v1,A Comprehensive Comparison of Deep Learning Archit,,,2026,C:\Users\livex\Desktop\Uni\PDF_agent\arxiv_cs_ai_pdfs\2605.20445v1_A Comprehensive Comparison of Deep Learning Archit.pdf,https://arxiv.org/pdf/2605.20445v1,cs.AI
2605.20449v1,LLM Pretraining Shapes a Generalizable Manifold In,,,2026,C:\Users\livex\Desktop\Uni\PDF_agent\arxiv_cs_ai_pdfs\2605.20449v1_LLM Pretraining Shapes a Generalizable Manifold In.pdf,https://arxiv.org/pdf/2605.20449v1,cs.AI
2605.20456v1,Agentic Agile-V From Vibe Coding to Verified Engin,,,2026,C:\Users\livex\Desktop\Uni\PDF_agent\arxiv_cs_ai_pdfs\2605.20456v1_Agentic Agile-V From Vibe Coding to Verified Engin.pdf,https://arxiv.org/pdf/2605.20456v1,cs.AI
2605.20459v1,Pixel Wised Lesion Prediction on COVID-19 CT Image,,,2026,C:\Users\livex\Desktop\Uni\PDF_agent\arxiv_cs_ai_pdfs\2605.20459v1_Pixel Wised Lesion Prediction on COVID-19 CT Image.pdf,https://arxiv.org/pdf/2605.20459v1,cs.AI
2605.20467v1,High Quality Embeddings for Horn Logic Reasoning,,,2026,C:\Users\livex\Desktop\Uni\PDF_agent\arxiv_cs_ai_pdfs\2605.20467v1_High Quality Embeddings for Horn Logic Reasoning.pdf,https://arxiv.org/pdf/2605.20467v1,cs.AI
2605.20470v1,EPC-3D-Diff Equivariant Physics Consistent Conditi,,,2026,C:\Users\livex\Desktop\Uni\PDF_agent\arxiv_cs_ai_pdfs\2605.20470v1_EPC-3D-Diff Equivariant Physics Consistent Conditi.pdf,https://arxiv.org/pdf/2605.20470v1,cs.AI
2605.20473v1,Code Generation by Differential Test Time Scaling,,,2026,C:\Users\livex\Desktop\Uni\PDF_agent\arxiv_cs_ai_pdfs\2605.20473v1_Code Generation by Differential Test Time Scaling.pdf,https://arxiv.org/pdf/2605.20473v1,cs.AI
2605.20477v1,Training Language Agents to Learn from Experience,,,2026,C:\Users\livex\Desktop\Uni\PDF_agent\arxiv_cs_ai_pdfs\2605.20477v1_Training Language Agents to Learn from Experience.pdf,https://arxiv.org/pdf/2605.20477v1,cs.AI
2605.20490v1,ECUASn A family of metrics for principled evaluati,,,2026,C:\Users\livex\Desktop\Uni\PDF_agent\arxiv_cs_ai_pdfs\2605.20490v1_ECUASn A family of metrics for principled evaluati.pdf,https://arxiv.org/pdf/2605.20490v1,cs.AI
2605.20502v1,Tippett-minimum Fusion of Representation-space Dif,,,2026,C:\Users\livex\Desktop\Uni\PDF_agent\arxiv_cs_ai_pdfs\2605.20502v1_Tippett-minimum Fusion of Representation-space Dif.pdf,https://arxiv.org/pdf/2605.20502v1,cs.AI
2605.20510v1,ShadeBench A Benchmark Dataset for Building Shade ,,,2026,C:\Users\livex\Desktop\Uni\PDF_agent\arxiv_cs_ai_pdfs\2605.20510v1_ShadeBench A Benchmark Dataset for Building Shade .pdf,https://arxiv.org/pdf/2605.20510v1,cs.AI
2605.20519v1,Codec-Robust Attacks on Audio LLMs,,,2026,C:\Users\livex\Desktop\Uni\PDF_agent\arxiv_cs_ai_pdfs\2605.20519v1_Codec-Robust Attacks on Audio LLMs.pdf,https://arxiv.org/pdf/2605.20519v1,cs.AI
2605.20520v1,Open-World Evaluations for Measuring Frontier AI C,,,2026,C:\Users\livex\Desktop\Uni\PDF_agent\arxiv_cs_ai_pdfs\2605.20520v1_Open-World Evaluations for Measuring Frontier AI C.pdf,https://arxiv.org/pdf/2605.20520v1,cs.AI
2605.20523v1,Machine-Learning-Enhanced Non-Invasive Testing for,,,2026,C:\Users\livex\Desktop\Uni\PDF_agent\arxiv_cs_ai_pdfs\2605.20523v1_Machine-Learning-Enhanced Non-Invasive Testing for.pdf,https://arxiv.org/pdf/2605.20523v1,cs.AI
2605.20525v1,NeuroQA A Large-Scale Image-Grounded Benchmark for,,,2026,C:\Users\livex\Desktop\Uni\PDF_agent\arxiv_cs_ai_pdfs\2605.20525v1_NeuroQA A Large-Scale Image-Grounded Benchmark for.pdf,https://arxiv.org/pdf/2605.20525v1,cs.AI
2605.20529v1,Collocational bootstrapping A hypothesis about the,,,2026,C:\Users\livex\Desktop\Uni\PDF_agent\arxiv_cs_ai_pdfs\2605.20529v1_Collocational bootstrapping A hypothesis about the.pdf,https://arxiv.org/pdf/2605.20529v1,cs.AI
2605.20530v1,AgentAtlas Beyond Outcome Leaderboards for LLM Age,,,2026,C:\Users\livex\Desktop\Uni\PDF_agent\arxiv_cs_ai_pdfs\2605.20530v1_AgentAtlas Beyond Outcome Leaderboards for LLM Age.pdf,https://arxiv.org/pdf/2605.20530v1,cs.AI
2605.20534v1,Axiomatizing Neural Networks via Pursuit of Subspa,,,2026,C:\Users\livex\Desktop\Uni\PDF_agent\arxiv_cs_ai_pdfs\2605.20534v1_Axiomatizing Neural Networks via Pursuit of Subspa.pdf,https://arxiv.org/pdf/2605.20534v1,cs.AI
2605.20547v1,Latent Process Generator Matching,,,2026,C:\Users\livex\Desktop\Uni\PDF_agent\arxiv_cs_ai_pdfs\2605.20547v1_Latent Process Generator Matching.pdf,https://arxiv.org/pdf/2605.20547v1,cs.AI
2605.20551v1,Faster or Stronger Towards Flexible Visual Place R,,,2026,C:\Users\livex\Desktop\Uni\PDF_agent\arxiv_cs_ai_pdfs\2605.20551v1_Faster or Stronger Towards Flexible Visual Place R.pdf,https://arxiv.org/pdf/2605.20551v1,cs.AI
2605.20554v1,Personality Engineering with AI Agents A New Metho,,,2026,C:\Users\livex\Desktop\Uni\PDF_agent\arxiv_cs_ai_pdfs\2605.20554v1_Personality Engineering with AI Agents A New Metho.pdf,https://arxiv.org/pdf/2605.20554v1,cs.AI
2605.20555v1,Complementing reinforcement learning with SFT thro,,,2026,C:\Users\livex\Desktop\Uni\PDF_agent\arxiv_cs_ai_pdfs\2605.20555v1_Complementing reinforcement learning with SFT thro.pdf,https://arxiv.org/pdf/2605.20555v1,cs.AI
2605.20563v1,Multi-agent Collaboration with State Management,,,2026,C:\Users\livex\Desktop\Uni\PDF_agent\arxiv_cs_ai_pdfs\2605.20563v1_Multi-agent Collaboration with State Management.pdf,https://arxiv.org/pdf/2605.20563v1,cs.AI
2605.20577v1,Mahjax A GPU-Accelerated Mahjong Simulator for Rei,,,2026,C:\Users\livex\Desktop\Uni\PDF_agent\arxiv_cs_ai_pdfs\2605.20577v1_Mahjax A GPU-Accelerated Mahjong Simulator for Rei.pdf,https://arxiv.org/pdf/2605.20577v1,cs.AI
2605.20602v1,Self-Training Doesnt Flatten Language -- It Restru,,,2026,C:\Users\livex\Desktop\Uni\PDF_agent\arxiv_cs_ai_pdfs\2605.20602v1_Self-Training Doesnt Flatten Language -- It Restru.pdf,https://arxiv.org/pdf/2605.20602v1,cs.AI
2605.20608v1,From Automated to Autonomous Hierarchical Agent-na,,,2026,C:\Users\livex\Desktop\Uni\PDF_agent\arxiv_cs_ai_pdfs\2605.20608v1_From Automated to Autonomous Hierarchical Agent-na.pdf,https://arxiv.org/pdf/2605.20608v1,cs.AI
2605.20610v1,Beyond Routing Characterising Expert Tuning and Re,,,2026,C:\Users\livex\Desktop\Uni\PDF_agent\arxiv_cs_ai_pdfs\2605.20610v1_Beyond Routing Characterising Expert Tuning and Re.pdf,https://arxiv.org/pdf/2605.20610v1,cs.AI
2605.20618v1,COAgents Multi-Agent Framework to Learn and Naviga,,,2026,C:\Users\livex\Desktop\Uni\PDF_agent\arxiv_cs_ai_pdfs\2605.20618v1_COAgents Multi-Agent Framework to Learn and Naviga.pdf,https://arxiv.org/pdf/2605.20618v1,cs.AI
2605.20623v1,Lower Bounds for Advection-Diffusion Equations An ,,,2026,C:\Users\livex\Desktop\Uni\PDF_agent\arxiv_cs_ai_pdfs\2605.20623v1_Lower Bounds for Advection-Diffusion Equations An .pdf,https://arxiv.org/pdf/2605.20623v1,cs.AI
2605.20624v1,Accelerating Video Inverse Problem Solvers with Au,,,2026,C:\Users\livex\Desktop\Uni\PDF_agent\arxiv_cs_ai_pdfs\2605.20624v1_Accelerating Video Inverse Problem Solvers with Au.pdf,https://arxiv.org/pdf/2605.20624v1,cs.AI
2605.20626v1,Retrieval-Augmented Long-Context Translation for C,,,2026,C:\Users\livex\Desktop\Uni\PDF_agent\arxiv_cs_ai_pdfs\2605.20626v1_Retrieval-Augmented Long-Context Translation for C.pdf,https://arxiv.org/pdf/2605.20626v1,cs.AI
2605.20630v1,Evaluating Temporal Semantic Caching and Workflow ,,,2026,C:\Users\livex\Desktop\Uni\PDF_agent\arxiv_cs_ai_pdfs\2605.20630v1_Evaluating Temporal Semantic Caching and Workflow .pdf,https://arxiv.org/pdf/2605.20630v1,cs.AI
2605.20640v1,Pareto-Enhanced Portrait Generation Vision-Aligned,,,2026,C:\Users\livex\Desktop\Uni\PDF_agent\arxiv_cs_ai_pdfs\2605.20640v1_Pareto-Enhanced Portrait Generation Vision-Aligned.pdf,https://arxiv.org/pdf/2605.20640v1,cs.AI
2605.20641v1,Trusted Weights Treacherous Optimizations Optimiza,,,2026,C:\Users\livex\Desktop\Uni\PDF_agent\arxiv_cs_ai_pdfs\2605.20641v1_Trusted Weights Treacherous Optimizations Optimiza.pdf,https://arxiv.org/pdf/2605.20641v1,cs.AI
2605.20643v1,AVSD Adaptive-View Self-Distillation by Balancing ,,,2026,C:\Users\livex\Desktop\Uni\PDF_agent\arxiv_cs_ai_pdfs\2605.20643v1_AVSD Adaptive-View Self-Distillation by Balancing .pdf,https://arxiv.org/pdf/2605.20643v1,cs.AI
2605.20644v1,Design for Manufacturing A Manufacturability Knowl,,,2026,C:\Users\livex\Desktop\Uni\PDF_agent\arxiv_cs_ai_pdfs\2605.20644v1_Design for Manufacturing A Manufacturability Knowl.pdf,https://arxiv.org/pdf/2605.20644v1,cs.AI
2605.20648v1,Jointly Learning Predicates and Actions Enables Ze,,,2026,C:\Users\livex\Desktop\Uni\PDF_agent\arxiv_cs_ai_pdfs\2605.20648v1_Jointly Learning Predicates and Actions Enables Ze.pdf,https://arxiv.org/pdf/2605.20648v1,cs.AI
2605.20649v1,AMAR Lightweight Attention-Based Multi-User Activi,,,2026,C:\Users\livex\Desktop\Uni\PDF_agent\arxiv_cs_ai_pdfs\2605.20649v1_AMAR Lightweight Attention-Based Multi-User Activi.pdf,https://arxiv.org/pdf/2605.20649v1,cs.AI
2605.20654v1,REFLECTOR Internalizing Step-wise Reflection again,,,2026,C:\Users\livex\Desktop\Uni\PDF_agent\arxiv_cs_ai_pdfs\2605.20654v1_REFLECTOR Internalizing Step-wise Reflection again.pdf,https://arxiv.org/pdf/2605.20654v1,cs.AI
2605.20668v1,On the limits and opportunities of AI reviewers Re,,,2026,C:\Users\livex\Desktop\Uni\PDF_agent\arxiv_cs_ai_pdfs\2605.20668v1_On the limits and opportunities of AI reviewers Re.pdf,https://arxiv.org/pdf/2605.20668v1,cs.AI
2605.20678v1,Dynamic TMoE A Drift-Aware Dynamic Mixture of Expe,,,2026,C:\Users\livex\Desktop\Uni\PDF_agent\arxiv_cs_ai_pdfs\2605.20678v1_Dynamic TMoE A Drift-Aware Dynamic Mixture of Expe.pdf,https://arxiv.org/pdf/2605.20678v1,cs.AI
2605.20689v1,DIVE Embedding Compression via Self-Limiting Gradi,,,2026,C:\Users\livex\Desktop\Uni\PDF_agent\arxiv_cs_ai_pdfs\2605.20689v1_DIVE Embedding Compression via Self-Limiting Gradi.pdf,https://arxiv.org/pdf/2605.20689v1,cs.AI
2605.20690v1,Declarative Data Services Structured Agentic Disco,,,2026,C:\Users\livex\Desktop\Uni\PDF_agent\arxiv_cs_ai_pdfs\2605.20690v1_Declarative Data Services Structured Agentic Disco.pdf,https://arxiv.org/pdf/2605.20690v1,cs.AI
2605.20693v1,Interpretable Discriminative Text Representations ,,,2026,C:\Users\livex\Desktop\Uni\PDF_agent\arxiv_cs_ai_pdfs\2605.20693v1_Interpretable Discriminative Text Representations .pdf,https://arxiv.org/pdf/2605.20693v1,cs.AI
2605.20704v1,Heartbeat-Bound Hierarchical Credentials Cryptogra,,,2026,C:\Users\livex\Desktop\Uni\PDF_agent\arxiv_cs_ai_pdfs\2605.20704v1_Heartbeat-Bound Hierarchical Credentials Cryptogra.pdf,https://arxiv.org/pdf/2605.20704v1,cs.AI
2605.20706v1,Llamas on the Web Memory-Efficient Performance-Por,,,2026,C:\Users\livex\Desktop\Uni\PDF_agent\arxiv_cs_ai_pdfs\2605.20706v1_Llamas on the Web Memory-Efficient Performance-Por.pdf,https://arxiv.org/pdf/2605.20706v1,cs.AI
2605.20708v1,Rethinking Cross-Layer Information Routing in Diff,,,2026,C:\Users\livex\Desktop\Uni\PDF_agent\arxiv_cs_ai_pdfs\2605.20708v1_Rethinking Cross-Layer Information Routing in Diff.pdf,https://arxiv.org/pdf/2605.20708v1,cs.AI
2605.20712v1,SCRIBE Diagnostic Evaluation and Rich Transcriptio,,,2026,C:\Users\livex\Desktop\Uni\PDF_agent\arxiv_cs_ai_pdfs\2605.20712v1_SCRIBE Diagnostic Evaluation and Rich Transcriptio.pdf,https://arxiv.org/pdf/2605.20712v1,cs.AI
2605.20713v1,SAVER Selective As-Needed Vision Evidence for Mult,,,2026,C:\Users\livex\Desktop\Uni\PDF_agent\arxiv_cs_ai_pdfs\2605.20713v1_SAVER Selective As-Needed Vision Evidence for Mult.pdf,https://arxiv.org/pdf/2605.20713v1,cs.AI
2605.20722v1,AGPO Adaptive Group Policy Optimization with Dual ,,,2026,C:\Users\livex\Desktop\Uni\PDF_agent\arxiv_cs_ai_pdfs\2605.20722v1_AGPO Adaptive Group Policy Optimization with Dual .pdf,https://arxiv.org/pdf/2605.20722v1,cs.AI
2605.20730v1,Distributional Alignment as a Criterion for Design,,,2026,C:\Users\livex\Desktop\Uni\PDF_agent\arxiv_cs_ai_pdfs\2605.20730v1_Distributional Alignment as a Criterion for Design.pdf,https://arxiv.org/pdf/2605.20730v1,cs.AI
2605.20731v1,TASTE A Designer-Annotated Multi-Dimensional Prefe,,,2026,C:\Users\livex\Desktop\Uni\PDF_agent\arxiv_cs_ai_pdfs\2605.20731v1_TASTE A Designer-Annotated Multi-Dimensional Prefe.pdf,https://arxiv.org/pdf/2605.20731v1,cs.AI
2605.20734v1,An Application-Layer Multi-Modal Covert-Channel Re,,,2026,C:\Users\livex\Desktop\Uni\PDF_agent\arxiv_cs_ai_pdfs\2605.20734v1_An Application-Layer Multi-Modal Covert-Channel Re.pdf,https://arxiv.org/pdf/2605.20734v1,cs.AI
2605.20740v1,Distribution-Aware Reward Reinforcement Learning o,,,2026,C:\Users\livex\Desktop\Uni\PDF_agent\arxiv_cs_ai_pdfs\2605.20740v1_Distribution-Aware Reward Reinforcement Learning o.pdf,https://arxiv.org/pdf/2605.20740v1,cs.AI
2605.20742v1,VBFDD-Agent for Electric Vehicle Battery Fault Det,,,2026,C:\Users\livex\Desktop\Uni\PDF_agent\arxiv_cs_ai_pdfs\2605.20742v1_VBFDD-Agent for Electric Vehicle Battery Fault Det.pdf,https://arxiv.org/pdf/2605.20742v1,cs.AI
2605.20744v1,Hack-Verifiable Environments Towards Evaluating Re,,,2026,C:\Users\livex\Desktop\Uni\PDF_agent\arxiv_cs_ai_pdfs\2605.20744v1_Hack-Verifiable Environments Towards Evaluating Re.pdf,https://arxiv.org/pdf/2605.20744v1,cs.AI
2605.20745v1,The Hidden Signal of Verifier Strictness Controlli,,,2026,C:\Users\livex\Desktop\Uni\PDF_agent\arxiv_cs_ai_pdfs\2605.20745v1_The Hidden Signal of Verifier Strictness Controlli.pdf,https://arxiv.org/pdf/2605.20745v1,cs.AI
2605.20749v1,The Devil is in the Condition Numbers Why is GLU B,,,2026,C:\Users\livex\Desktop\Uni\PDF_agent\arxiv_cs_ai_pdfs\2605.20749v1_The Devil is in the Condition Numbers Why is GLU B.pdf,https://arxiv.org/pdf/2605.20749v1,cs.AI
2605.20751v1,PACD-Net Pseudo-Augmented Contrastive Distillation,,,2026,C:\Users\livex\Desktop\Uni\PDF_agent\arxiv_cs_ai_pdfs\2605.20751v1_PACD-Net Pseudo-Augmented Contrastive Distillation.pdf,https://arxiv.org/pdf/2605.20751v1,cs.AI
2605.20756v1,Correcting Stochastic Update Bias in Preconditioned Language Model Optimizers,Nikhil Nayak; Julia White; Urchade Zaratiana; Kelton Zhang; Henrijs Princis; Dhruv Atreja; Henry Fawcett; Matthew Thomas; George Hurn-Maloney; Ash Lewis,"32 pages, 3 figures, 13 tables",2026,C:\Users\livex\Desktop\Uni\PDF_agent\arxiv_cs_ai_pdfs\2605.20756v1_Correcting Stochastic Update Bias in Preconditione.pdf,https://arxiv.org/pdf/2605.20756v1,cs.LG; cs.AI; math.OC; stat.ML
2605.20758v1,Conflict-Aware Additive Guidance for Flow Models under Compositional Rewards,Xuehui Yu; Fucheng Cai; Meiyi Wang; Xiaopeng Fan; Harold Soh,Forty-Third International Conference on Machine Learning (ICML 2026),2026,C:\Users\livex\Desktop\Uni\PDF_agent\arxiv_cs_ai_pdfs\2605.20758v1_Conflict-Aware Additive Guidance for Flow Models u.pdf,https://arxiv.org/pdf/2605.20758v1,cs.AI; cs.CV; cs.LG; cs.RO
2605.20784v1,Interaction Locality in Hierarchical Recursive Reasoning,Yosuke Miyanishi; Tetsuro Morimura,cs.AI,2026,C:\Users\livex\Desktop\Uni\PDF_agent\arxiv_cs_ai_pdfs\2605.20784v1_Interaction Locality in Hierarchical Recursive Rea.pdf,https://arxiv.org/pdf/2605.20784v1,cs.AI; cs.LG
2605.20802v1,ELSA: An ELastic SNN Inference Architecture for Efficient Neuromorphic Computing,Kang You; Chen Nie; Lee Jun Yan; Ziling Wei; Cheng Zou; Zekai Xu; Yu Feng; Honglan Jiang; Zhezhi He,"17 pages, Proceedings of the 53rd Annual International Symposium on Computer Architecture (ISCA), 2026",2026,C:\Users\livex\Desktop\Uni\PDF_agent\arxiv_cs_ai_pdfs\2605.20802v1_ELSA An ELastic SNN Inference Architecture for Eff.pdf,https://arxiv.org/pdf/2605.20802v1,cs.AR; cs.AI
2605.20803v1,Tunable MAGMAX: Preference-Aware Model Merging for Continual Learning,Kei Hiroshima; Kento Uchida; Shinichi Shirakawa,"17 pages, 4 figures. Accepted at ICPR 2026",2026,C:\Users\livex\Desktop\Uni\PDF_agent\arxiv_cs_ai_pdfs\2605.20803v1_Tunable MAGMAX Preference-Aware Model Merging for .pdf,https://arxiv.org/pdf/2605.20803v1,cs.LG; cs.AI
2605.20815v1,GraphRAG on Consumer Hardware: Benchmarking Local LLMs for Healthcare EHR Schema Retrieval,Peter Fernandes; Ria Kanjilal,"9 pages, 1 figure, 5 tables",2026,C:\Users\livex\Desktop\Uni\PDF_agent\arxiv_cs_ai_pdfs\2605.20815v1_GraphRAG on Consumer Hardware Benchmarking Local L.pdf,https://arxiv.org/pdf/2605.20815v1,cs.CL; cs.AI; cs.IR; cs.LG
2605.20834v1,"Conditional Equivalence of DPO and RLHF: Implicit Assumption, Failure Modes, and Provable Alignment",Zhiqin Yang; Yonggang Zhang; Wei Xue; Dong Fang; Bo Han; Yike Guo,49 pages,2026,C:\Users\livex\Desktop\Uni\PDF_agent\arxiv_cs_ai_pdfs\2605.20834v1_Conditional Equivalence of DPO and RLHF Implicit A.pdf,https://arxiv.org/pdf/2605.20834v1,cs.AI; cs.LG
2605.20837v1,ArchSIBench: Benchmarking the Architectural Spatial Intelligence of Vision-Language Models,Qirui Shen; Wenda Wang; Jiachen Lu; Zilong Huang; Jin Bai; Lei He; Hongxuan Chen; Weixin Huang,51 pages,2026,C:\Users\livex\Desktop\Uni\PDF_agent\arxiv_cs_ai_pdfs\2605.20837v1_ArchSIBench Benchmarking the Architectural Spatial.pdf,https://arxiv.org/pdf/2605.20837v1,cs.CV; cs.AI
2605.20838v1,USV: Towards Understanding the User-generated Short-form Videos,Haoyue Cheng; Su Xu; Liwei Jin; Wayne Wu; Chen Qian; Limin Wang,cs.CV,2026,C:\Users\livex\Desktop\Uni\PDF_agent\arxiv_cs_ai_pdfs\2605.20838v1_USV Towards Understanding the User-generated Short.pdf,https://arxiv.org/pdf/2605.20838v1,cs.CV; cs.AI
2605.20856v1,DISC: Decoupling Instruction from State-Conditioned Control via Policy Generation,Hanxiang Ren; Pei Zhou; Xunzhe Zhou; Yanchao Yang,cs.RO,2026,C:\Users\livex\Desktop\Uni\PDF_agent\arxiv_cs_ai_pdfs\2605.20856v1_DISC Decoupling Instruction from State-Conditioned.pdf,https://arxiv.org/pdf/2605.20856v1,cs.RO; cs.AI; cs.LG
2605.20865v1,Multi-Step Likelihood-Ratio Correction for Reinforcement Learning with Verifiable Rewards,Deokgyu Yoon; Hyungkyu Kang; Joongkyu Lee; Byeongchan Kim; Gyungin Shin; Sungrae Park; Min-hwan Oh,cs.LG,2026,C:\Users\livex\Desktop\Uni\PDF_agent\arxiv_cs_ai_pdfs\2605.20865v1_Multi-Step Likelihood-Ratio Correction for Reinfor.pdf,https://arxiv.org/pdf/2605.20865v1,cs.LG; cs.AI
2605.20868v1,Runtime-Certified Bounded-Error Quantized Attention,Dean Calver,"32 pages, 1 figure",2026,C:\Users\livex\Desktop\Uni\PDF_agent\arxiv_cs_ai_pdfs\2605.20868v1_Runtime-Certified Bounded-Error Quantized Attentio.pdf,https://arxiv.org/pdf/2605.20868v1,cs.LG; cs.AI; eess.SY
2605.20872v1,CAdam: Context-Adaptive Moment Estimation for 3D Gaussian Densification in Generative Distillation,SeungJeh Chung; Geonho Park; Misong Kim; HyeongYeop Kang,"Accepted to SIGGRAPH 2026 Conference Papers. 12 pages, 8 figures",2026,C:\Users\livex\Desktop\Uni\PDF_agent\arxiv_cs_ai_pdfs\2605.20872v1_CAdam Context-Adaptive Moment Estimation for 3D Ga.pdf,https://arxiv.org/pdf/2605.20872v1,cs.LG; cs.AI; cs.GR
2605.20873v1,PlanningBench: Generating Scalable and Verifiable Planning Data for Evaluating and Training Large Language Models,Ziliang Zhao; Zenan Xu; Shuting Wang; Hongjin Qian; Yan Lei; Minda Hu; Zhao Wang; Shihan Dou; Zhicheng Dou; Pluto Zhou,cs.AI,2026,C:\Users\livex\Desktop\Uni\PDF_agent\arxiv_cs_ai_pdfs\2605.20873v1_PlanningBench Generating Scalable and Verifiable P.pdf,https://arxiv.org/pdf/2605.20873v1,cs.AI; cs.LG
2605.20874v1,Governance by Construction for Generalist Agents,Segev Shlomov; Iftach Shoham; Alon Oved; Ido Levy; Sami Marreed; Harold Ship; Offer Akrabi; Sergey Zeltyn; Avi Yaeli; Nir Mashkif,cs.AI,2026,C:\Users\livex\Desktop\Uni\PDF_agent\arxiv_cs_ai_pdfs\2605.20874v1_Governance by Construction for Generalist Agents.pdf,https://arxiv.org/pdf/2605.20874v1,cs.AI; cs.SE
2605.20876v1,Terminal-World: Scaling Terminal-Agent Environments via Agent Skills,Zihao Cheng; Hongru Wang; Zeming Liu; Xinyi Wang; Xiangrong Zhu; Yuhang Guo; Wei Lin; Jeff Z. Pan; Yunhong Wang,Work in Progress,2026,C:\Users\livex\Desktop\Uni\PDF_agent\arxiv_cs_ai_pdfs\2605.20876v1_Terminal-World Scaling Terminal-Agent Environments.pdf,https://arxiv.org/pdf/2605.20876v1,cs.CL; cs.AI
2605.20896v1,GenAI-Driven Threat Detection with Microsoft Security Copilot,Scott Freitas; Amir Gharib,cs.CR,2026,C:\Users\livex\Desktop\Uni\PDF_agent\arxiv_cs_ai_pdfs\2605.20896v1_GenAI-Driven Threat Detection with Microsoft Secur.pdf,https://arxiv.org/pdf/2605.20896v1,cs.CR; cs.AI; cs.LG
2605.20901v1,VISTA: Technical Report for the Ego4D Short-Term Object Interaction Anticipation at EgoVis 2026,Qiaohui Chu; Haoyu Zhang; Yisen Feng; Meng Liu; Weili Guan; Dongmei Jiang; Liqiang Nie,The champion solution for the Ego4D Short-Term Object Interaction Anticipation Challenge at the CVPR EgoVis Workshop 2026,2026,C:\Users\livex\Desktop\Uni\PDF_agent\arxiv_cs_ai_pdfs\2605.20901v1_VISTA Technical Report for the Ego4D Short-Term Ob.pdf,https://arxiv.org/pdf/2605.20901v1,cs.CV; cs.AI
2605.20911v1,For How Long Should We Be Punching? Learning Action Duration in Fighting Games,Hoang Hai Nguyen; Kurt Driessens; Dennis J. N. J. Soemers,Accepted at Computers and Games 2026,2026,C:\Users\livex\Desktop\Uni\PDF_agent\arxiv_cs_ai_pdfs\2605.20911v1_For How Long Should We Be Punching Learning Action.pdf,https://arxiv.org/pdf/2605.20911v1,cs.AI; cs.LG
2605.20915v1,Calibration vs Decision Making: Revisiting the Reliability Paradox in Unlearned Language Models,Divyaksh Shukla; Ashutosh Modi,"Accepted at SRW, ACL 2026; 17 pages (9 + 2 + 6)",2026,C:\Users\livex\Desktop\Uni\PDF_agent\arxiv_cs_ai_pdfs\2605.20915v1_Calibration vs Decision Making Revisiting the Reli.pdf,https://arxiv.org/pdf/2605.20915v1,cs.CL; cs.AI; cs.LG
2605.20919v1,Sutra: Tensor-Op RNNs as a Compilation Target for Vector Symbolic Architectures,Emma Leonhart,"Modified NeurIPS submission, see AI declaration and replication materials at end of paper",2026,C:\Users\livex\Desktop\Uni\PDF_agent\arxiv_cs_ai_pdfs\2605.20919v1_Sutra Tensor-Op RNNs as a Compilation Target for V.pdf,https://arxiv.org/pdf/2605.20919v1,cs.LG; cs.AI; cs.PL
2605.20922v1,Winfree Oscillatory Neural Network,Jiawen Dai; Yue Song,Project page: https://jiawen-dai.github.io/WONN_Project_Page/,2026,C:\Users\livex\Desktop\Uni\PDF_agent\arxiv_cs_ai_pdfs\2605.20922v1_Winfree Oscillatory Neural Network.pdf,https://arxiv.org/pdf/2605.20922v1,cs.LG; cs.AI; cs.CV
2605.20923v1,Causal Past Logic for Runtime Verification of Distributed LLM Agent Workflows,Benedikt Bollig,20 pages,2026,C:\Users\livex\Desktop\Uni\PDF_agent\arxiv_cs_ai_pdfs\2605.20923v1_Causal Past Logic for Runtime Verification of Dist.pdf,https://arxiv.org/pdf/2605.20923v1,cs.LO; cs.AI; cs.PL
2605.20924v1,Strategy-Induct: Task-Level Strategy Induction for Instruction Generation,Po-Chun Chen; Hen-Hsen Huang; Hsin-Hsi Chen,Accepted to Findings of ACL 2026,2026,C:\Users\livex\Desktop\Uni\PDF_agent\arxiv_cs_ai_pdfs\2605.20924v1_Strategy-Induct Task-Level Strategy Induction for .pdf,https://arxiv.org/pdf/2605.20924v1,cs.CL; cs.AI
2605.20936v1,DASH: Fast Differentiable Architecture Search for Hybrid Attention in Minutes on a Single GPU,Weizhe Chen; Miao Zhang; Junpeng Jiang; Yaping Li; Weili Guan; Liqiang Nie,"19 pages, 7 figures",2026,C:\Users\livex\Desktop\Uni\PDF_agent\arxiv_cs_ai_pdfs\2605.20936v1_DASH Fast Differentiable Architecture Search for H.pdf,https://arxiv.org/pdf/2605.20936v1,cs.LG; cs.AI; cs.CL
2605.20950v1,Focus-then-Context: Subject-Centric Progressive Visual Token Reduction for Vision-Language Models,Yulin Zhao; Yun Wang; Dehua Zheng; Borui jiang; Zheng Zhang,cs.CV,2026,C:\Users\livex\Desktop\Uni\PDF_agent\arxiv_cs_ai_pdfs\2605.20950v1_Focus-then-Context Subject-Centric Progressive Vis.pdf,https://arxiv.org/pdf/2605.20950v1,cs.CV; cs.AI
2605.20965v1,Finding the Correct Visual Evidence Without Forgetting: Mitigating Hallucination in LVLMs via Inter-Layer Visual Attention Discrepancy,Yutong Xie; Zhenglin Hua; Ran Wang; Wing W. Y. Ng; Xizhao Wang; Yuheng Jia,Accepted by ICML 2026,2026,C:\Users\livex\Desktop\Uni\PDF_agent\arxiv_cs_ai_pdfs\2605.20965v1_Finding the Correct Visual Evidence Without Forget.pdf,https://arxiv.org/pdf/2605.20965v1,cs.CV; cs.AI
2605.20971v1,Comparative Evaluation of Deep Learning Models for Fake Image Detection,Akhitha Pakala; Mohammed Mahir Rahman; Shahzad Memon; Tauseef Ahmed,"6th International Conference on Computational Intelligence & Internet of Things (ICCIIoT), 2026",2026,C:\Users\livex\Desktop\Uni\PDF_agent\arxiv_cs_ai_pdfs\2605.20971v1_Comparative Evaluation of Deep Learning Models for.pdf,https://arxiv.org/pdf/2605.20971v1,cs.CV; cs.AI; cs.CR
2605.20982v1,Diagnosing Overhead in Dispatch Operations: Cross-architecture Observatory,Bole Ma; Jan Eitzinger; Harald Koestler; Gerhard Wellein,cs.DC,2026,C:\Users\livex\Desktop\Uni\PDF_agent\arxiv_cs_ai_pdfs\2605.20982v1_Diagnosing Overhead in Dispatch Operations Cross-a.pdf,https://arxiv.org/pdf/2605.20982v1,cs.DC; cs.AI; cs.LG
2605.20988v1,A Sharper Picture of Generalization in Transformers,Paul Lintilhac; Sair Shaikh,cs.LG,2026,C:\Users\livex\Desktop\Uni\PDF_agent\arxiv_cs_ai_pdfs\2605.20988v1_A Sharper Picture of Generalization in Transformer.pdf,https://arxiv.org/pdf/2605.20988v1,cs.LG; cs.AI
2605.20994v1,Towards Context-Invariant Safety Alignment for Large Language Models,Yixu Wang; Yang Yao; Xin Wang; Yifeng Gao; Yan Teng; Xingjun Ma; Yingchun Wang,ICML 2026,2026,C:\Users\livex\Desktop\Uni\PDF_agent\arxiv_cs_ai_pdfs\2605.20994v1_Towards Context-Invariant Safety Alignment for Lar.pdf,https://arxiv.org/pdf/2605.20994v1,cs.CL; cs.AI
2605.20997v1,Hybrid Machine Learning Model for Forest Height Estimation from TanDEM-X and Landsat Data,Islam Mansour; Ronny Haensch; Irena Hajnsek; Konstantinos Papathanassiou,cs.CV,2026,C:\Users\livex\Desktop\Uni\PDF_agent\arxiv_cs_ai_pdfs\2605.20997v1_Hybrid Machine Learning Model for Forest Height Es.pdf,https://arxiv.org/pdf/2605.20997v1,cs.CV; cs.AI; cs.LG; physics.comp-ph
2605.20998v1,"Single-Pass, Depth-Selective Reading for Multi-Aspect Sentiment Analysis",Yan Xia; Zhuangzhuang Pan; Amirrudin Kamsin; Chee Seng Chan,"Accepted at ACL2026 (main). Our solution (DABS) reads the sentence once, then lets each aspect selectively query the right tokens and Transformer depths, cutting redundant computation while preserving ATSA accuracy",2026,C:\Users\livex\Desktop\Uni\PDF_agent\arxiv_cs_ai_pdfs\2605.20998v1_Single-Pass Depth-Selective Reading for Multi-Aspe.pdf,https://arxiv.org/pdf/2605.20998v1,cs.CL; cs.AI
2605.21006v1,Playing Devil's Advocate: Off-the-Shelf Persona Vectors Rival Targeted Steering for Sycophancy,Ishaan Kelkar; Nebras Alam; Vikram Kakaria; Madhur Panwar; Vasu Sharma; Maheep Chaudhary,cs.AI,2026,C:\Users\livex\Desktop\Uni\PDF_agent\arxiv_cs_ai_pdfs\2605.21006v1_Playing Devils Advocate Off-the-Shelf Persona Vect.pdf,https://arxiv.org/pdf/2605.21006v1,cs.AI; cs.CL; cs.LG
2605.21027v1,Beyond Text-to-SQL: An Agentic LLM System for Governed Enterprise Analytics APIs,Gundeep Singh; Parsa Kavehzadeh; Jing Xia; Xue-Yong Fu; Julien Bouvier Tremblay; Md Tahmid Rahman Laskar; Vincent Lum; Shashi Bhushan TN,The first four authors contributed equally to this work,2026,C:\Users\livex\Desktop\Uni\PDF_agent\arxiv_cs_ai_pdfs\2605.21027v1_Beyond Text-to-SQL An Agentic LLM System for Gover.pdf,https://arxiv.org/pdf/2605.21027v1,cs.CL; cs.AI
2605.21028v1,DySink: Dynamic Frame Sinks for Autoregressive Long Video Generation,Bo Ye; Xinyu Cui; Jian Zhao; Tong Wei; Min-Ling Zhang,cs.CV,2026,C:\Users\livex\Desktop\Uni\PDF_agent\arxiv_cs_ai_pdfs\2605.21028v1_DySink Dynamic Frame Sinks for Autoregressive Long.pdf,https://arxiv.org/pdf/2605.21028v1,cs.CV; cs.AI
2605.21060v1,Divide et Calibra: Multiclass Local Calibration via Vector Quantization,Cesare Barbera; Lorenzo Perini; Giovanni De Toni; Andrea Passerini; Andrea Pugnana,cs.LG,2026,C:\Users\livex\Desktop\Uni\PDF_agent\arxiv_cs_ai_pdfs\2605.21060v1_Divide et Calibra Multiclass Local Calibration via.pdf,https://arxiv.org/pdf/2605.21060v1,cs.LG; cs.AI; stat.ML
2605.21061v1,Grounding Driving VLA via Inverse Kinematics,Junsung Park; Hyunjung Shim,cs.CV,2026,C:\Users\livex\Desktop\Uni\PDF_agent\arxiv_cs_ai_pdfs\2605.21061v1_Grounding Driving VLA via Inverse Kinematics.pdf,https://arxiv.org/pdf/2605.21061v1,cs.CV; cs.AI; cs.RO
2605.21071v1,Fine-grained Claim-level RAG Benchmark for Law,Souvick Das; Sallam Abualhaija; Domenico Bianculli,cs.CL,2026,C:\Users\livex\Desktop\Uni\PDF_agent\arxiv_cs_ai_pdfs\2605.21071v1_Fine-grained Claim-level RAG Benchmark for Law.pdf,https://arxiv.org/pdf/2605.21071v1,cs.CL; cs.AI
2605.21082v1,AutoRPA: Efficient GUI Automation through LLM-Driven Code Synthesis from Interactions,Minghao Chen; Xinyi Hu; Zhou Yu; Yufei Yin,Accepted in ICML 2026,2026,C:\Users\livex\Desktop\Uni\PDF_agent\arxiv_cs_ai_pdfs\2605.21082v1_AutoRPA Efficient GUI Automation through LLM-Drive.pdf,https://arxiv.org/pdf/2605.21082v1,cs.AI
2605.21085v1,Decoupling Communication from Policy: Robust MARL under Bandwidth Constraints,Alexi Canesse; Benoît Goupil; Jesse Read; Sonia Vanier,cs.MA,2026,C:\Users\livex\Desktop\Uni\PDF_agent\arxiv_cs_ai_pdfs\2605.21085v1_Decoupling Communication from Policy Robust MARL u.pdf,https://arxiv.org/pdf/2605.21085v1,cs.MA; cs.AI; cs.LG
2605.21102v1,ACL-Verbatim: hallucination-free question answering for research,Gábor Recski; Szilveszter Tóth; Nadia Verdha; István Boros; Ádám Kovács,13 pages,2026,C:\Users\livex\Desktop\Uni\PDF_agent\arxiv_cs_ai_pdfs\2605.21102v1_ACL-Verbatim hallucination-free question answering.pdf,https://arxiv.org/pdf/2605.21102v1,cs.CL; cs.AI; cs.SE
2605.21108v1,Efficient Learning of Deep State Space Models via Importance Smoothing,John-Joseph Brady; Nikolas Nusken; Yunpeng Li,Accepted to the proceedings of ICML 2026,2026,C:\Users\livex\Desktop\Uni\PDF_agent\arxiv_cs_ai_pdfs\2605.21108v1_Efficient Learning of Deep State Space Models via .pdf,https://arxiv.org/pdf/2605.21108v1,cs.LG; cs.AI
2605.21113v1,On the Complexity of Entailment for Cumulative Propositional Dependence Logics,Kai Sauerwald; Juha Kontinen; Arne Meier,arXiv admin note: substantial text overlap with arXiv:2602.21360,2026,C:\Users\livex\Desktop\Uni\PDF_agent\arxiv_cs_ai_pdfs\2605.21113v1_On the Complexity of Entailment for Cumulative Pro.pdf,https://arxiv.org/pdf/2605.21113v1,cs.LO; cs.AI
2605.21146v1,Detecting Trojaned DNNs via Spectral Regression Analysis,Samuele Pasini; Jinhan Kim; Paolo Tonella,cs.CR,2026,C:\Users\livex\Desktop\Uni\PDF_agent\arxiv_cs_ai_pdfs\2605.21146v1_Detecting Trojaned DNNs via Spectral Regression An.pdf,https://arxiv.org/pdf/2605.21146v1,cs.CR; cs.AI; cs.SE
2605.21154v1,Automated ICD Classification of Psychiatric Diagnoses: From Classical NLP to Large Language Models,Fernando Ortega; Raúl Lara-Cabrera; Jorge Dueñas-Lerín; Alejandro de la Torre-Luque; Mercé Salvador Robert; Enrique Baca-García,cs.CL,2026,C:\Users\livex\Desktop\Uni\PDF_agent\arxiv_cs_ai_pdfs\2605.21154v1_Automated ICD Classification of Psychiatric Diagno.pdf,https://arxiv.org/pdf/2605.21154v1,cs.CL; cs.AI; cs.LG
2605.21157v1,Comparative Analysis of Military Detection Using Drone Imagery Across Multiple Visual Spectrums,Sourov Roy Shuvo; Prajwal Panth; Rajesh Chowdhury; Sorup Chakraborty; Sudip Chakrabarty; Prasant Kumar Pattnaik,"6 pages, 7 figures. Accepted at the 16th International Conference on Computing, Communication and Networking Technologies (ICCCNT), July 6-11, 2025, IIT Indore. Proceedings pending publication",2026,C:\Users\livex\Desktop\Uni\PDF_agent\arxiv_cs_ai_pdfs\2605.21157v1_Comparative Analysis of Military Detection Using D.pdf,https://arxiv.org/pdf/2605.21157v1,cs.CV; cs.AI; cs.LG; cs.RO
2605.21168v1,ScenePilot: Controllable Boundary-Driven Critical Scenario Generation for Autonomous Driving,Qiyu Ruan; Yuxuan Wang; He Li; Zhenning Li; Cheng-zhong Xu,cs.AI,2026,C:\Users\livex\Desktop\Uni\PDF_agent\arxiv_cs_ai_pdfs\2605.21168v1_ScenePilot Controllable Boundary-Driven Critical S.pdf,https://arxiv.org/pdf/2605.21168v1,cs.AI
2605.21182v1,Manga109-v2026: Revisiting Manga109 Annotations for Modern Manga Understanding,Jeonghun Baek; Atsuyuki Miyai; Shota Onohara; Hikaru Ikuta; Kiyoharu Aizawa,Accepted to the Culture x AI Workshop at ICML 2026. Project page: https://manga109.github.io/manga109-project-website/en/,2026,C:\Users\livex\Desktop\Uni\PDF_agent\arxiv_cs_ai_pdfs\2605.21182v1_Manga109-v2026 Revisiting Manga109 Annotations for.pdf,https://arxiv.org/pdf/2605.21182v1,cs.CL; cs.AI; cs.CV
2605.21186v1,SAM-Sode: Towards Faithful Explanations for Tiny Bacteria Detection,Wanying Tan; Shuo Yan; Dazhi Huang; Yazheng Liu; Zili Shao; Rufeng Chen; Hechang Chen; Mude Shi; Tianxing Ji; Sihong Xie,"10 pages, 4 figures, conference paper",2026,C:\Users\livex\Desktop\Uni\PDF_agent\arxiv_cs_ai_pdfs\2605.21186v1_SAM-Sode Towards Faithful Explanations for Tiny Ba.pdf,https://arxiv.org/pdf/2605.21186v1,cs.CV; cs.AI
2605.21198v1,SURGE: An Event-Centric Social Media Sentiment Time Series Benchmark with Interaction Structure,Chen Su; Pengsen Cheng; Yuanhe Tian; Yan Song,cs.SI,2026,C:\Users\livex\Desktop\Uni\PDF_agent\arxiv_cs_ai_pdfs\2605.21198v1_SURGE An Event-Centric Social Media Sentiment Time.pdf,https://arxiv.org/pdf/2605.21198v1,cs.SI; cs.AI
2605.21213v1,Enhanced Reinforcement Learning-based Process Synthesis via Quantum Computing,Austin Braniff; Fengqi You; Yuhe Tian,quant-ph,2026,C:\Users\livex\Desktop\Uni\PDF_agent\arxiv_cs_ai_pdfs\2605.21213v1_Enhanced Reinforcement Learning-based Process Synt.pdf,https://arxiv.org/pdf/2605.21213v1,quant-ph; cs.AI; cs.LG; math.OC
2605.21214v1,Behavior-Consistent Deep Reinforcement Learning,Marcel Hussing; Liv G. d'Aliberti; Claas Voelcker; Benjamin Eysenbach; Eric Eaton,cs.LG,2026,C:\Users\livex\Desktop\Uni\PDF_agent\arxiv_cs_ai_pdfs\2605.21214v1_Behavior-Consistent Deep Reinforcement Learning.pdf,https://arxiv.org/pdf/2605.21214v1,cs.LG; cs.AI
2605.21224v1,Artificial Intelligence Reshapes Microwave Photonics,Peng Li; Xihua Zou; Jia Ye; Wei Pan; Lianshan Yan,"13 pages, 12 figures",2026,C:\Users\livex\Desktop\Uni\PDF_agent\arxiv_cs_ai_pdfs\2605.21224v1_Artificial Intelligence Reshapes Microwave Photoni.pdf,https://arxiv.org/pdf/2605.21224v1,physics.optics; cs.AI; eess.SP
2605.21225v1,PREFINE: Preference-Based Implicit Reward and Cost Fine-Tuning for Safety Alignment,Richa Verma; Bavish Kulur; Sanjay Chawla; Balaraman Ravindran,Accepted at AAMAS 2026 as a full paper,2026,C:\Users\livex\Desktop\Uni\PDF_agent\arxiv_cs_ai_pdfs\2605.21225v1_PREFINE Preference-Based Implicit Reward and Cost .pdf,https://arxiv.org/pdf/2605.21225v1,cs.LG; cs.AI
2605.21226v1,OCTOPUS: Optimized KV Cache for Transformers via Octahedral Parametrization Under optimal Squared error quantization,Mark Boss; Vikram Voleti; Simon Donné; Shimon Vainer,cs.LG,2026,C:\Users\livex\Desktop\Uni\PDF_agent\arxiv_cs_ai_pdfs\2605.21226v1_OCTOPUS Optimized KV Cache for Transformers via Oc.pdf,https://arxiv.org/pdf/2605.21226v1,cs.LG; cs.AI
2605.21237v1,RePCM: Region-Specific and Phenotype-Adaptive Bi-Ventricular Cardiac Motion Synthesis,Xuan Yang; Xiaohan Yuan; Hao Li; Lingyu Chen; Yanan Liu; Lei Li,"Early Accepted by MICCAI 2026. This is the author's submitted version. 10 pages, 3 figures",2026,C:\Users\livex\Desktop\Uni\PDF_agent\arxiv_cs_ai_pdfs\2605.21237v1_RePCM Region-Specific and Phenotype-Adaptive Bi-Ve.pdf,https://arxiv.org/pdf/2605.21237v1,cs.CV; cs.AI
2605.21240v1,APEX: Autonomous Policy Exploration for Self-Evolving LLM Agents,Yibo Li; Jiashuo Yang; Zhi Zheng; Zhiyuan Hu; Yuan Sui; Shizun Wang; Yufei He; Bryan Hooi,cs.LG,2026,C:\Users\livex\Desktop\Uni\PDF_agent\arxiv_cs_ai_pdfs\2605.21240v1_APEX Autonomous Policy Exploration for Self-Evolvi.pdf,https://arxiv.org/pdf/2605.21240v1,cs.LG; cs.AI
2605.21258v1,Learning Structural Latent Points for Efficient Visual Representations in Robotic Manipulation,Yicheng Jiang; Jiaxu Wang; Junhao He; Zesen Gan; Junhao Li; Qiang Zhang; Jingkai Sun; Jiahang Cao; Mingyuan Sun; Xiangyu Yue; Qiming Shao,International Conference on Robotics and Automation 2026,2026,C:\Users\livex\Desktop\Uni\PDF_agent\arxiv_cs_ai_pdfs\2605.21258v1_Learning Structural Latent Points for Efficient Vi.pdf,https://arxiv.org/pdf/2605.21258v1,cs.RO; cs.AI
2605.21266v1,How Much Online RL is Enough? Informative Rollouts for Offline Preference Optimization in RLVR,Richa Verma; Balaraman Ravindran,cs.LG,2026,C:\Users\livex\Desktop\Uni\PDF_agent\arxiv_cs_ai_pdfs\2605.21266v1_How Much Online RL is Enough Informative Rollouts .pdf,https://arxiv.org/pdf/2605.21266v1,cs.LG; cs.AI
2605.21272v1,"MONET: A Massive, Open, Non-redundant and Enriched Text-to-image dataset",Benjamin Aubin; Gonzalo Iñaki Quintana; Onur Tasar; Sanjeev Sreetharan; Urszula Czerwinska; Damien Henry; Clément Chadebec,cs.CV,2026,C:\Users\livex\Desktop\Uni\PDF_agent\arxiv_cs_ai_pdfs\2605.21272v1_MONET A Massive Open Non-redundant and Enriched Te.pdf,https://arxiv.org/pdf/2605.21272v1,cs.CV; cs.AI
2605.21282v1,\textit{Stochastic} MeanFlow Policies: One-Step Generative Control with Entropic Mirror Descent,Zeyuan Wang; Da Li; Yulin Chen; Yuehu Gong; Yanming Guo; Ye Shi; Liang Bai; Tianyuan Yu; Yanwei Fu,cs.LG,2026,C:\Users\livex\Desktop\Uni\PDF_agent\arxiv_cs_ai_pdfs\2605.21282v1_textitStochastic MeanFlow Policies One-Step Genera.pdf,https://arxiv.org/pdf/2605.21282v1,cs.LG; cs.AI
2605.21292v1,Large-Step Training Dynamics of a Two-Factor Linear Transformer Model,Krishnakumar Balasubramanian,stat.ML,2026,C:\Users\livex\Desktop\Uni\PDF_agent\arxiv_cs_ai_pdfs\2605.21292v1_Large-Step Training Dynamics of a Two-Factor Linea.pdf,https://arxiv.org/pdf/2605.21292v1,stat.ML; cs.AI; cs.LG; math.DS
2605.21295v1,TimeSRL: Generalizable Time-Series Behavioral Modeling via Semantic RL-Tuned LLMs -- A Case Study in Mental Health,"Yuang Fan; Lilin Xu; Millie Wu; Jingping Nie; Qingyu Chen; Yuzhe Yang; Zhuo Zhang; Xin Liu; Subigya Nepal; Xiaofan Jiang; Xuhai ""Orson"" Xu",cs.LG,2026,C:\Users\livex\Desktop\Uni\PDF_agent\arxiv_cs_ai_pdfs\2605.21295v1_TimeSRL Generalizable Time-Series Behavioral Model.pdf,https://arxiv.org/pdf/2605.21295v1,cs.LG; cs.AI; cs.HC
2605.21299v1,Tracing the ongoing emergence of human-like reasoning in Large Language Models,Paolo Morosi; Nikoleta Pantelidou; Fritz Günther; Elena Pagliarini; Evelina Leivada,cs.CL,2026,C:\Users\livex\Desktop\Uni\PDF_agent\arxiv_cs_ai_pdfs\2605.21299v1_Tracing the ongoing emergence of human-like reason.pdf,https://arxiv.org/pdf/2605.21299v1,cs.CL; cs.AI
2605.21303v1,From Circuit Evidence to Mechanistic Theory: An Inductive Logic Approach,Nura Aljaafari; Danilo S. Carvalho; Andre Freitas,"27 pages, 10 Figures, 14 Tables",2026,C:\Users\livex\Desktop\Uni\PDF_agent\arxiv_cs_ai_pdfs\2605.21303v1_From Circuit Evidence to Mechanistic Theory An Ind.pdf,https://arxiv.org/pdf/2605.21303v1,cs.LG; cs.AI; cs.LO
2605.21308v1,Deformba: Vision State Space Model with Adaptive State Fusion,Hongyu Ke; Jack Morris; Yongkang Liu; Satoshi Kitai; Kentaro Oguchi; Yi Ding; Haoxin Wang,Forty-Third International Conference on Machine Learning (ICML 2026),2026,C:\Users\livex\Desktop\Uni\PDF_agent\arxiv_cs_ai_pdfs\2605.21308v1_Deformba Vision State Space Model with Adaptive St.pdf,https://arxiv.org/pdf/2605.21308v1,cs.CV; cs.AI
2605.21311v1,DeCoR: Design and Control Co-Optimization for Urban Streets Using Reinforcement Learning,Bibek Poudel; Lei Zhu; Kevin Heaslip; Sai Swaminathan; Weizi Li,"22 pages, 8 figures",2026,C:\Users\livex\Desktop\Uni\PDF_agent\arxiv_cs_ai_pdfs\2605.21311v1_DeCoR Design and Control Co-Optimization for Urban.pdf,https://arxiv.org/pdf/2605.21311v1,cs.LG; cs.AI
2605.21312v1,Frontier: Towards Comprehensive and Accurate LLM Inference Simulation,Yicheng Feng; Xin Tan; Yangtao Deng; Yimin Jiang; Yibo Zhu; Hong Xu,cs.DC,2026,C:\Users\livex\Desktop\Uni\PDF_agent\arxiv_cs_ai_pdfs\2605.21312v1_Frontier Towards Comprehensive and Accurate LLM In.pdf,https://arxiv.org/pdf/2605.21312v1,cs.DC; cs.AI; cs.LG
2605.21318v1,TextReg: Mitigating Prompt Distributional Overfitting via Regularized Text-Space Optimization,Lucheng Fu; Ye Yu; Yiyang Wang; Yiqiao Jin; Haibo Jin; B. Aditya Prakash; Haohan Wang,Code: https://github.com/luchengfu6/TextReg,2026,C:\Users\livex\Desktop\Uni\PDF_agent\arxiv_cs_ai_pdfs\2605.21318v1_TextReg Mitigating Prompt Distributional Overfitti.pdf,https://arxiv.org/pdf/2605.21318v1,cs.CL; cs.AI; cs.LG
2605.21333v1,SymbolicLight V1: Spike-Gated Dual-Path Language Modeling with High Activation Sparsity and Sub-Billion-Scale Pre-Training Evidence,Ting Liu,"35 pages, 5 figures, 25 tables; public code and model artifacts linked in manuscript",2026,C:\Users\livex\Desktop\Uni\PDF_agent\arxiv_cs_ai_pdfs\2605.21333v1_SymbolicLight V1 Spike-Gated Dual-Path Language Mo.pdf,https://arxiv.org/pdf/2605.21333v1,cs.CL; cs.AI
2605.21347v1,Insights Generator: Systematic Corpus-Level Trace Diagnostics for LLM Agents,Akshay Manglik; Apaar Shanker; Kaustubh Deshpande; Jason Qin; Yash Maurya; Veronica Chatrath; Vijay S. Kalmath; Levi Lentz;  Yuan;  Xue,Under review,2026,C:\Users\livex\Desktop\Uni\PDF_agent\arxiv_cs_ai_pdfs\2605.21347v1_Insights Generator Systematic Corpus-Level Trace D.pdf,https://arxiv.org/pdf/2605.21347v1,cs.AI; cs.LG; cs.SE
2605.21348v1,Data-Efficient Neural Operator Training via Physics-Based Active Learning,Alicja Polanska; Lorenzo Zanisi; Vignesh Gopakumar; Stanislas Pamela,Presented at the ICLR 2026 Workshop on Artificial Intelligence and Partial Differential Equations,2026,C:\Users\livex\Desktop\Uni\PDF_agent\arxiv_cs_ai_pdfs\2605.21348v1_Data-Efficient Neural Operator Training via Physic.pdf,https://arxiv.org/pdf/2605.21348v1,cs.LG; cs.AI; math.NA; physics.comp-ph
2605.21372v1,Closed Loop Dynamic Driving Data Mixture for Real-Synthetic Co-Training,Hongzhi Ruan; Pei Liu; Weiliang Ma; Zhengning Li; Xueyang Zhang; Jun Ma; Dan Xu; Kun Zhan,cs.CV,2026,C:\Users\livex\Desktop\Uni\PDF_agent\arxiv_cs_ai_pdfs\2605.21372v1_Closed Loop Dynamic Driving Data Mixture for Real-.pdf,https://arxiv.org/pdf/2605.21372v1,cs.CV; cs.AI; cs.LG; cs.RO
2605.21379v1,How to Build Marcus's Algebraic Mind: Algebro-Deterministic Substrate over Galois Fields,Hiroyuki Chuma; Kanji Otsuk; Yoichi Sato,cs.NE,2026,C:\Users\livex\Desktop\Uni\PDF_agent\arxiv_cs_ai_pdfs\2605.21379v1_How to Build Marcuss Algebraic Mind Algebro-Determ.pdf,https://arxiv.org/pdf/2605.21379v1,cs.NE; cs.AI
2605.21384v1,SpecBench: Measuring Reward Hacking in Long-Horizon Coding Agents,Bingchen Zhao; Dhruv Srikanth; Yuxiang Wu; Zhengyao Jiang,cs.SE,2026,C:\Users\livex\Desktop\Uni\PDF_agent\arxiv_cs_ai_pdfs\2605.21384v1_SpecBench Measuring Reward Hacking in Long-Horizon.pdf,https://arxiv.org/pdf/2605.21384v1,cs.SE; cs.AI; cs.CL
2605.21388v1,On the Regularity and Generalization of One-Step Wasserstein-guided Generative Models for PDE-Induced Measures,Likun Lin; Zhongjian Wang; Jack Xin; Zhiwen Zhang,cs.LG,2026,C:\Users\livex\Desktop\Uni\PDF_agent\arxiv_cs_ai_pdfs\2605.21388v1_On the Regularity and Generalization of One-Step W.pdf,https://arxiv.org/pdf/2605.21388v1,cs.LG; cs.AI; math.NA; stat.ML
2605.21390v1,Designing Conversations with the Dead: How People Engage with Generative Ghosts,Jack Manning; Daniel Sullivan; Dylan Thomas Doyle; Anthony T. Pinter; Jed R. Brubaker,cs.HC,2026,C:\Users\livex\Desktop\Uni\PDF_agent\arxiv_cs_ai_pdfs\2605.21390v1_Designing Conversations with the Dead How People E.pdf,https://arxiv.org/pdf/2605.21390v1,cs.HC; cs.AI
2605.21395v1,Towards Resilient and Autonomous Networks: A BlueSky Vision on AI-Native 6G,Liang Wu; Kelly Wan; Mayank Darbari; Liangjie Hong,Accepted at KDD 2026,2026,C:\Users\livex\Desktop\Uni\PDF_agent\arxiv_cs_ai_pdfs\2605.21395v1_Towards Resilient and Autonomous Networks A BlueSk.pdf,https://arxiv.org/pdf/2605.21395v1,cs.AI; cs.LG
2605.21401v1,Open-source LLMs administer maximum electric shocks in a Milgram-like obedience experiment,Roland Pihlakas; Jan Llenzl Dagohoy,"28 pages, 16 figures, 16 tables",2026,C:\Users\livex\Desktop\Uni\PDF_agent\arxiv_cs_ai_pdfs\2605.21401v1_Open-source LLMs administer maximum electric shock.pdf,https://arxiv.org/pdf/2605.21401v1,cs.CY; cs.AI
2605.21405v1,Stdlib or Third-Party? Empirical Performance and Correctness of LLM-Assisted Zero-Dependency Python Libraries,Peng Ding; Rick Stevens,12 pages,2026,C:\Users\livex\Desktop\Uni\PDF_agent\arxiv_cs_ai_pdfs\2605.21405v1_Stdlib or Third-Party Empirical Performance and Co.pdf,https://arxiv.org/pdf/2605.21405v1,cs.SE; cs.AI; cs.PL
2605.21413v1,Teaching AI Through Benchmark Construction: QuestBench as a Course-Based Practice for Accountable Knowledge Work,Haiyang Shen; Jiuzheng Wang; Taian Guo; Mugeng Liu; Wenchun Jing; Chongyang Pan; Siqi Zhong; Zhiyang Chen; Weichen Bi; Yudong Han; Xiaoying Bai; Yun Ma,"24 pages, 5 figures, 4 tables",2026,C:\Users\livex\Desktop\Uni\PDF_agent\arxiv_cs_ai_pdfs\2605.21413v1_Teaching AI Through Benchmark Construction QuestBe.pdf,https://arxiv.org/pdf/2605.21413v1,cs.AI
2605.21417v1,Ordering Matters: Rank-Aware Selective Fusion for Blended Emotion Recognition,Junghyun Lee; Hyunseo Kim; Hanna Jang; Junhyug Noh,"Accepted at IEEE FG 2026. Final system ranked 2nd in the BlEmoRE Challenge. 9 pages including appendix, 8 figures",2026,C:\Users\livex\Desktop\Uni\PDF_agent\arxiv_cs_ai_pdfs\2605.21417v1_Ordering Matters Rank-Aware Selective Fusion for B.pdf,https://arxiv.org/pdf/2605.21417v1,cs.CV; cs.AI
2605.21418v1,FedCritic: Serverless Federated Critic Learning-based Resource Allocation for Multi-Cell OFDMA in 6G,Amin Farajzadeh; Melike Erol-Kantarci,Submitted to IEEE for possible publication,2026,C:\Users\livex\Desktop\Uni\PDF_agent\arxiv_cs_ai_pdfs\2605.21418v1_FedCritic Serverless Federated Critic Learning-bas.pdf,https://arxiv.org/pdf/2605.21418v1,cs.LG; cs.AI; cs.CV; cs.NI
2605.21420v1,HiRes: Inspectable Precedent Memory for Reaction Condition Recommendation,Shreyas Vinaya Sathyanarayana; Raja Sekhar Pappala; Deepak Warrier,cs.LG,2026,C:\Users\livex\Desktop\Uni\PDF_agent\arxiv_cs_ai_pdfs\2605.21420v1_HiRes Inspectable Precedent Memory for Reaction Co.pdf,https://arxiv.org/pdf/2605.21420v1,cs.LG; cs.AI; q-bio.MN
2605.21427v1,PALS: Power-Aware LLM Serving for Mixture-of-Experts Models,Can Hankendi; Rana Shahout; Minlan Yu; Ayse K. Coskun,"13 pages, 10 figures",2026,C:\Users\livex\Desktop\Uni\PDF_agent\arxiv_cs_ai_pdfs\2605.21427v1_PALS Power-Aware LLM Serving for Mixture-of-Expert.pdf,https://arxiv.org/pdf/2605.21427v1,cs.AI; cs.DC
2605.21442v1,torchtune: PyTorch native post-training library,Mark Obozov; Maxime Griot; Joseph Cummings; Evan Smothers; Felipe Mello; Rafi Ayub; Philip John Bontrager; Salman Mohammadi; Ariel Kwiatkowski; Nathan Azrak; Mircea Mironenco,14 pages,2026,C:\Users\livex\Desktop\Uni\PDF_agent\arxiv_cs_ai_pdfs\2605.21442v1_torchtune PyTorch native post-training library.pdf,https://arxiv.org/pdf/2605.21442v1,cs.LG; cs.AI
2605.21443v1,TempGlitch: Evaluating Vision-Language Models for Temporal Glitch Detection in Gameplay Videos,Yakun Yu; Ashley Wiens; Adrián Barahona-Ríos; Benedict Wilkins; Saman Zadtootaghaj; Nabajeet Barman; Cor-Paul Bezemer,cs.CV,2026,C:\Users\livex\Desktop\Uni\PDF_agent\arxiv_cs_ai_pdfs\2605.21443v1_TempGlitch Evaluating Vision-Language Models for T.pdf,https://arxiv.org/pdf/2605.21443v1,cs.CV; cs.AI
2605.21446v1,Lost in Fog: Sensor Perturbations Expose Reasoning Fragility in Driving VLAs,Abhinaw Priyadershi; Jelena Frtunikj,cs.RO,2026,C:\Users\livex\Desktop\Uni\PDF_agent\arxiv_cs_ai_pdfs\2605.21446v1_Lost in Fog Sensor Perturbations Expose Reasoning .pdf,https://arxiv.org/pdf/2605.21446v1,cs.RO; cs.AI
2605.21451v1,Approximation Theory for Neural Networks: Old and New,Soumendu Sundar Mukherjee; Himasish Talukdar,"31 pages, 4 figures",2026,C:\Users\livex\Desktop\Uni\PDF_agent\arxiv_cs_ai_pdfs\2605.21451v1_Approximation Theory for Neural Networks Old and N.pdf,https://arxiv.org/pdf/2605.21451v1,cs.LG; cond-mat.dis-nn; cs.AI; cs.NE
2605.21453v1,Quality and Security Signals in AI-Generated Python Refactoring Pull Requests,Mohamed Almukhtar; Anwar Ghammam; Hua Ming,cs.SE,2026,C:\Users\livex\Desktop\Uni\PDF_agent\arxiv_cs_ai_pdfs\2605.21453v1_Quality and Security Signals in AI-Generated Pytho.pdf,https://arxiv.org/pdf/2605.21453v1,cs.SE; cs.AI
2605.21458v1,Mind the Sim-to-Real Gap & Think Like a Scientist,Harsh Parikh; Gabriel Levin-Konigsberg; Dominique Perrault-Joncas; Alexander Volfovsky,cs.AI,2026,C:\Users\livex\Desktop\Uni\PDF_agent\arxiv_cs_ai_pdfs\2605.21458v1_Mind the Sim-to-Real Gap  Think Like a Scientist.pdf,https://arxiv.org/pdf/2605.21458v1,cs.AI; cs.LG; stat.ME
2605.21460v1,HITL-D: Human In The Loop Diffusion Assisted Shared Control,Riley Zilka; Sergey Khlynovskiy; Allie Wang; Martin Jagersand,Accepted for presentation at ICRA 2026,2026,C:\Users\livex\Desktop\Uni\PDF_agent\arxiv_cs_ai_pdfs\2605.21460v1_HITL-D Human In The Loop Diffusion Assisted Shared.pdf,https://arxiv.org/pdf/2605.21460v1,cs.RO; cs.AI; cs.HC
2605.21463v1,Mem-$π$: Adaptive Memory through Learning When and What to Generate,Xiaoqiang Wang; Chao Wang; Hadi Nekoei; Christopher Pal; Alexandre Lacoste; Spandana Gella; Bang Liu; Perouz Taslakian,Work in progress,2026,C:\Users\livex\Desktop\Uni\PDF_agent\arxiv_cs_ai_pdfs\2605.21463v1_Mem-π Adaptive Memory through Learning When and Wh.pdf,https://arxiv.org/pdf/2605.21463v1,cs.CL; cs.AI
2605.21470v1,Agent JIT Compilation for Latency-Optimizing Web Agent Planning and Scheduling,Caleb Winston; Ron Yifeng Wang; Azalia Mirhoseini; Christos Kozyrakis,Accepted at ICML 2026,2026,C:\Users\livex\Desktop\Uni\PDF_agent\arxiv_cs_ai_pdfs\2605.21470v1_Agent JIT Compilation for Latency-Optimizing Web A.pdf,https://arxiv.org/pdf/2605.21470v1,cs.LG; cs.AI
2605.21479v1,WikiVQABench: A Knowledge-Grounded Visual Question Answering Benchmark from Wikipedia and Wikidata,Basel Shbita; Pengyuan Li; Anna Lisa Gentile,cs.CV,2026,C:\Users\livex\Desktop\Uni\PDF_agent\arxiv_cs_ai_pdfs\2605.21479v1_WikiVQABench A Knowledge-Grounded Visual Question .pdf,https://arxiv.org/pdf/2605.21479v1,cs.CV; cs.AI
2605.21481v1,AiraXiv: An AI-Driven Open-Access Platform for Human and AI Scientists,Junshu Pan; Panzhong Lu; Yixuan Weng; Qiyao Sun; Fang Guo; Zijie Yang; Qiji Zhou; Yue Zhang,cs.AI,2026,C:\Users\livex\Desktop\Uni\PDF_agent\arxiv_cs_ai_pdfs\2605.21481v1_AiraXiv An AI-Driven Open-Access Platform for Huma.pdf,https://arxiv.org/pdf/2605.21481v1,cs.AI; cs.CL; cs.LG
2605.21482v1,DeepWeb-Bench: A Deep Research Benchmark Demanding Massive Cross-Source Evidence and Long-Horizon Derivation,Sixiong Xie; Zhuofan Shi; Haiyang Shen; Jiuzheng Wang; Siqi Zhong; Mugeng Liu; Chongyang Pan; Peilun Jia; Baoqing Sun; Xiang Jing; Yun Ma,"Work in Progress. 27 pages, 10 figures, 4 tables. Project page: https://sixiongxie1001-dot.github.io/deep-research-benchmark2.0",2026,C:\Users\livex\Desktop\Uni\PDF_agent\arxiv_cs_ai_pdfs\2605.21482v1_DeepWeb-Bench A Deep Research Benchmark Demanding .pdf,https://arxiv.org/pdf/2605.21482v1,cs.AI
2605.21486v1,Quantifying Hyperparameter Transfer and the Importance of Embedding Layer Learning Rate,Dayal Singh Kalra; Maissam Barkeshli,"10+28 pages, 5+17 figures",2026,C:\Users\livex\Desktop\Uni\PDF_agent\arxiv_cs_ai_pdfs\2605.21486v1_Quantifying Hyperparameter Transfer and the Import.pdf,https://arxiv.org/pdf/2605.21486v1,cs.LG; cond-mat.dis-nn; cs.AI; stat.ML
2605.21489v1,Variance Reduction for Expectations with Diffusion Teachers,Jesse Bettencourt; Xindi Wu; Matan Atzmon; James Lucas; Jonathan Lorraine,Project page: https://research.nvidia.com/labs/sil/projects/CARV/,2026,C:\Users\livex\Desktop\Uni\PDF_agent\arxiv_cs_ai_pdfs\2605.21489v1_Variance Reduction for Expectations with Diffusion.pdf,https://arxiv.org/pdf/2605.21489v1,cs.LG; cs.AI; cs.CV; stat.CO; stat.ML
